unit,obey,thnkself,workhard,helpoth,popular,ranking,treat,wave
1,5,1,2,4,3,51243,0,1
2,4,1,2,3,5,41235,1,2
3,4,1,2,3,5,41235,2,3
4,4,1,3,2,5,41325,0,1
5,5,1,2,3,4,51234,1,2
6,1,3,2,4,5,13245,2,3
7,5,2,3,1,4,52314,0,1
8,5,2,3,1,4,52314,1,2
9,4,1,3,2,5,41325,2,3
10,3,2,1,4,5,32145,0,1
11,2,4,1,3,5,24135,1,2
12,1,3,2,4,5,13245,2,3
13,3,2,4,1,5,32415,0,1
14,2,5,3,1,4,25314,1,2
15,2,5,3,1,4,25314,2,3
16,4,1,2,3,5,41235,0,1
17,1,4,2,3,5,14235,1,2
18,3,4,1,2,5,34125,2,3
19,2,1,3,4,5,21345,0,1
20,1,5,2,3,4,15234,1,2
21,4,3,1,2,5,43125,2,3
22,1,3,2,4,5,13245,0,1
23,1,4,2,3,5,14235,1,2
24,3,1,2,4,5,31245,0,1
25,3,2,1,4,5,32145,1,2
26,5,2,4,1,3,52413,1,2
27,4,3,5,1,2,43512,2,3
28,1,4,2,3,5,14235,1,2
29,4,3,2,1,5,43215,0,1
30,4,2,1,3,5,42135,1,2
31,4,1,3,2,5,41325,2,3
32,4,2,1,3,5,42135,0,1
33,5,1,2,3,4,51234,1,2
34,4,3,5,1,2,43512,2,3
35,5,3,1,2,4,53124,0,1
36,4,2,3,1,5,42315,1,2
37,5,1,2,3,4,51234,2,3
38,5,3,1,2,4,53124,1,2
39,5,1,3,2,4,51324,2,3
40,5,2,1,3,4,52134,1,2
41,4,3,1,2,5,43125,1,2
42,4,1,2,3,5,41235,2,3
43,5,1,2,3,4,51234,1,2
44,5,1,3,2,4,51324,2,3
45,3,4,2,1,5,34215,1,2
46,1,4,2,3,5,14235,2,3
47,1,3,4,2,5,13425,0,1
48,4,3,2,1,5,43215,0,1
49,4,3,1,2,5,43125,0,1
50,4,3,2,1,5,43215,1,2
51,5,3,2,1,4,53214,2,3
52,1,4,3,2,5,14325,0,1
53,1,2,3,4,5,12345,1,2
54,4,1,2,3,5,41235,1,2
55,4,3,1,2,5,43125,2,3
56,3,2,4,1,5,32415,0,1
57,1,3,4,2,5,13425,0,1
58,4,1,3,2,5,41325,1,2
59,4,1,3,2,5,41325,2,3
60,2,5,1,3,4,25134,0,1
61,2,5,3,1,4,25314,0,1
62,1,4,2,3,5,14235,0,1
63,1,4,2,3,5,14235,1,2
64,1,5,2,3,4,15234,0,1
65,2,3,1,5,4,23154,1,2
66,1,3,4,2,5,13425,2,3
67,5,4,3,2,1,54321,0,1
68,5,1,2,3,4,51234,1,2
69,5,3,1,2,4,53124,2,3
70,4,1,3,2,5,41325,1,2
71,4,1,3,2,5,41325,2,3
72,5,1,3,2,4,51324,0,1
73,5,1,2,3,4,51234,1,2
74,4,1,3,2,5,41325,2,3
75,5,1,2,3,4,51234,0,1
76,5,1,2,3,4,51234,1,2
77,4,1,2,3,5,41235,2,3
78,2,1,4,5,3,21453,0,1
79,5,1,2,4,3,51243,1,2
80,2,4,3,1,5,24315,0,1
81,5,1,3,2,4,51324,1,2
82,4,2,3,1,5,42315,2,3
83,3,1,2,4,5,31245,0,1
84,3,4,2,1,5,34215,1,2
85,4,1,2,3,5,41235,2,3
86,4,1,3,2,5,41325,0,1
87,1,2,3,5,4,12354,1,2
88,5,3,1,2,4,53124,2,3
89,3,4,1,2,5,34125,0,1
90,4,1,2,3,5,41235,1,2
91,2,4,1,3,5,24135,2,3
92,2,3,1,4,5,23145,1,2
93,3,4,1,2,5,34125,2,3
94,4,2,1,3,5,42135,0,1
95,4,1,2,3,5,41235,1,2
96,5,2,1,3,4,52134,2,3
97,4,1,2,3,5,41235,0,1
98,4,3,1,2,5,43125,1,2
99,4,1,2,3,5,41235,2,3
100,5,3,2,1,4,53214,1,2
101,3,5,2,1,4,35214,2,3
102,5,1,2,3,4,51234,0,1
103,5,1,2,3,4,51234,1,2
104,5,1,2,3,4,51234,2,3
105,4,2,1,3,5,42135,0,1
106,3,1,2,4,5,31245,1,2
107,4,1,2,3,5,41235,2,3
108,5,1,3,2,4,51324,0,1
109,5,1,2,3,4,51234,0,1
110,3,5,2,1,4,35214,1,2
111,4,2,1,3,5,42135,0,1
112,1,4,2,3,5,14235,1,2
113,4,1,3,2,5,41325,0,1
114,4,1,2,3,5,41235,1,2
115,4,1,2,3,5,41235,2,3
116,4,3,1,2,5,43125,1,2
117,3,2,1,5,4,32154,2,3
118,4,3,2,1,5,43215,1,2
119,3,2,1,4,5,32145,0,1
120,4,2,1,3,5,42135,1,2
121,4,2,1,3,5,42135,2,3
122,4,1,2,3,5,41235,2,3
123,5,1,3,2,4,51324,1,2
124,5,1,3,2,4,51324,2,3
125,3,1,2,4,5,31245,0,1
126,4,2,1,3,5,42135,1,2
127,2,3,1,4,5,23145,2,3
128,5,1,2,3,4,51234,0,1
129,4,2,1,3,5,42135,1,2
130,5,2,1,3,4,52134,2,3
131,5,1,3,2,4,51324,1,2
132,3,4,1,2,5,34125,0,1
133,3,4,1,2,5,34125,1,2
134,3,2,4,1,5,32415,0,1
135,4,3,2,1,5,43215,1,2
136,1,4,3,2,5,14325,2,3
137,5,2,1,3,4,52134,1,2
138,5,1,2,3,4,51234,2,3
139,4,1,3,2,5,41325,0,1
140,5,1,2,3,4,51234,1,2
141,4,2,1,3,5,42135,2,3
142,5,1,2,3,4,51234,1,2
143,5,1,3,2,4,51324,1,2
144,5,1,2,3,4,51234,2,3
145,1,2,4,3,5,12435,0,1
146,2,3,1,4,5,23145,0,1
147,1,2,3,4,5,12345,1,2
148,3,2,1,4,5,32145,2,3
149,4,1,2,3,5,41235,1,2
150,4,1,2,3,5,41235,1,2
151,3,1,2,4,5,31245,2,3
152,4,1,3,2,5,41325,0,1
153,4,1,3,2,5,41325,1,2
154,5,1,2,3,4,51234,2,3
155,4,3,2,1,5,43215,1,2
156,4,1,3,2,5,41325,2,3
157,3,4,1,2,5,34125,0,1
158,3,2,1,5,4,32154,1,2
159,2,4,1,3,5,24135,1,2
160,1,5,2,3,4,15234,2,3
161,3,5,1,2,4,35124,0,1
162,4,1,3,2,5,41325,1,2
163,4,1,3,2,5,41325,2,3
164,4,3,1,2,5,43125,1,2
165,4,3,1,2,5,43125,2,3
166,4,1,2,3,5,41235,0,1
167,5,1,2,3,4,51234,2,3
168,3,1,4,2,5,31425,0,1
169,4,1,2,3,5,41235,1,2
170,3,2,4,1,5,32415,1,2
171,4,1,3,2,5,41325,2,3
172,3,1,2,5,4,31254,1,2
173,4,1,2,5,3,41253,2,3
174,1,2,4,3,5,12435,0,1
175,3,4,1,2,5,34125,1,2
176,1,3,4,2,5,13425,2,3
177,2,1,4,3,5,21435,0,1
178,4,1,2,3,5,41235,1,2
179,3,1,4,2,5,31425,2,3
180,4,1,3,2,5,41325,0,1
181,3,1,2,5,4,31254,0,1
182,3,1,2,4,5,31245,1,2
183,5,1,4,2,3,51423,2,3
184,3,2,1,5,4,32154,1,2
185,3,4,1,2,5,34125,2,3
186,2,1,3,4,5,21345,1,2
187,2,1,3,4,5,21345,2,3
188,2,1,3,4,5,21345,0,1
189,1,4,2,3,5,14235,0,1
190,2,1,4,3,5,21435,1,2
191,4,1,3,2,5,41325,2,3
192,3,1,4,2,5,31425,0,1
193,3,1,2,4,5,31245,1,2
194,3,4,1,2,5,34125,2,3
195,4,1,2,3,5,41235,0,1
196,1,3,2,4,5,13245,0,1
197,1,5,2,3,4,15234,1,2
198,1,5,3,2,4,15324,2,3
199,3,2,4,1,5,32415,1,2
200,4,1,3,2,5,41325,2,3
201,2,4,3,1,5,24315,0,1
202,4,1,2,3,5,41235,1,2
203,3,1,4,2,5,31425,2,3
204,4,2,1,3,5,42135,0,1
205,4,3,1,2,5,43125,1,2
206,4,3,1,2,5,43125,2,3
207,3,2,4,1,5,32415,0,1
208,4,1,3,2,5,41325,1,2
209,4,2,3,1,5,42315,2,3
210,4,2,3,1,5,42315,0,1
211,1,4,2,3,5,14235,1,2
212,4,1,2,3,5,41235,0,1
213,4,1,2,3,5,41235,1,2
214,3,1,2,4,5,31245,2,3
215,2,1,4,3,5,21435,1,2
216,2,1,4,3,5,21435,2,3
217,4,1,3,2,5,41325,1,2
218,4,1,2,3,5,41235,1,2
219,4,1,2,3,5,41235,2,3
220,5,1,2,3,4,51234,0,1
221,5,1,3,2,4,51324,1,2
222,5,1,2,3,4,51234,2,3
223,4,1,2,3,5,41235,1,2
224,2,1,4,3,5,21435,2,3
225,5,1,2,3,4,51234,1,2
226,4,1,3,2,5,41325,2,3
227,1,3,4,2,5,13425,1,2
228,1,4,2,3,5,14235,2,3
229,4,3,2,1,5,43215,0,1
230,4,1,2,3,5,41235,1,2
231,4,1,2,3,5,41235,2,3
232,1,4,3,2,5,14325,0,1
233,3,4,2,1,5,34215,1,2
234,4,1,2,3,5,41235,2,3
235,4,1,2,3,5,41235,1,2
236,4,1,2,3,5,41235,2,3
237,5,2,1,3,4,52134,0,1
238,4,2,3,1,5,42315,1,2
239,5,1,3,2,4,51324,1,2
240,4,1,2,3,5,41235,2,3
241,3,2,4,1,5,32415,1,2
242,4,1,3,2,5,41325,2,3
243,4,5,1,2,3,45123,0,1
244,4,1,3,2,5,41325,0,1
245,5,1,2,3,4,51234,0,1
246,5,1,3,2,4,51324,1,2
247,4,1,2,3,5,41235,2,3
248,4,1,2,3,5,41235,0,1
249,2,4,1,3,5,24135,0,1
250,3,5,1,2,4,35124,1,2
251,3,5,1,2,4,35124,2,3
252,4,1,2,3,5,41235,1,2
253,3,1,4,2,5,31425,2,3
254,5,1,3,2,4,51324,1,2
255,4,1,2,3,5,41235,2,3
256,4,3,1,2,5,43125,1,2
257,4,3,1,2,5,43125,2,3
258,5,1,2,3,4,51234,1,2
259,5,2,3,1,4,52314,0,1
260,5,2,3,1,4,52314,1,2
261,5,1,3,2,4,51324,2,3
262,4,3,2,1,5,43215,1,2
263,3,4,1,2,5,34125,2,3
264,2,3,4,1,5,23415,0,1
265,3,1,4,2,5,31425,1,2
266,4,2,3,1,5,42315,0,1
267,4,1,2,3,5,41235,0,1
268,2,3,4,1,5,23415,1,2
269,2,1,4,3,5,21435,2,3
270,3,4,2,1,5,34215,0,1
271,2,4,3,1,5,24315,1,2
272,3,4,1,2,5,34125,2,3
273,5,1,3,2,4,51324,0,1
274,4,1,2,3,5,41235,1,2
275,4,1,2,3,5,41235,2,3
276,4,1,2,3,5,41235,1,2
277,3,1,2,4,5,31245,2,3
278,3,1,2,4,5,31245,0,1
279,4,1,5,2,3,41523,0,1
280,5,2,3,1,4,52314,1,2
281,5,1,2,3,4,51234,0,1
282,3,1,5,2,4,31524,1,2
283,4,1,2,3,5,41235,2,3
284,5,4,1,3,2,54132,1,2
285,5,2,3,4,1,52341,2,3
286,4,3,1,2,5,43125,0,1
287,2,3,1,4,5,23145,0,1
288,4,2,3,1,5,42315,1,2
289,2,5,3,1,4,25314,2,3
290,2,1,3,4,5,21345,0,1
291,4,2,1,3,5,42135,1,2
292,4,2,1,3,5,42135,2,3
293,2,3,1,4,5,23145,1,2
294,2,4,1,3,5,24135,2,3
295,3,2,1,4,5,32145,1,2
296,4,2,1,3,5,42135,1,2
297,4,2,1,3,5,42135,2,3
298,5,3,1,2,4,53124,0,1
299,4,1,2,3,5,41235,1,2
300,4,1,2,3,5,41235,2,3
301,4,1,2,3,5,41235,1,2
302,5,1,3,2,4,51324,1,2
303,5,1,2,3,4,51234,2,3
304,5,1,3,2,4,51324,1,2
305,5,1,2,3,4,51234,1,2
306,5,1,3,2,4,51324,2,3
307,4,1,2,3,5,41235,0,1
308,2,4,1,3,5,24135,0,1
309,4,1,2,3,5,41235,1,2
310,4,3,1,2,5,43125,2,3
311,1,2,4,3,5,12435,0,1
312,2,1,3,4,5,21345,0,1
313,4,1,2,3,5,41235,1,2
314,4,3,2,1,5,43215,2,3
315,4,1,2,3,5,41235,1,2
316,1,3,4,2,5,13425,1,2
317,4,3,2,1,5,43215,2,3
318,5,2,3,1,4,52314,1,2
319,4,1,3,2,5,41325,1,2
320,2,3,1,4,5,23145,2,3
321,4,3,1,2,5,43125,0,1
322,4,3,2,1,5,43215,1,2
323,3,4,2,1,5,34215,2,3
324,4,1,3,2,5,41325,1,2
325,5,1,3,2,4,51324,2,3
326,4,1,2,3,5,41235,1,2
327,4,3,1,2,5,43125,2,3
328,3,1,2,4,5,31245,1,2
329,1,2,4,3,5,12435,0,1
330,2,1,3,4,5,21345,1,2
331,1,2,3,4,5,12345,2,3
332,4,1,2,3,5,41235,1,2
333,4,3,1,2,5,43125,2,3
334,3,4,1,2,5,34125,0,1
335,1,4,2,3,5,14235,1,2
336,3,1,2,4,5,31245,2,3
337,2,1,3,4,5,21345,1,2
338,4,1,3,2,5,41325,2,3
339,4,1,2,3,5,41235,0,1
340,4,1,3,2,5,41325,1,2
341,5,2,1,4,3,52143,0,1
342,4,2,1,3,5,42135,1,2
343,4,2,1,3,5,42135,2,3
344,4,3,2,1,5,43215,1,2
345,5,1,2,3,4,51234,2,3
346,4,1,3,2,5,41325,1,2
347,4,1,3,2,5,41325,2,3
348,4,1,3,2,5,41325,1,2
349,3,1,2,4,5,31245,0,1
350,5,1,2,4,3,51243,1,2
351,5,2,1,4,3,52143,2,3
352,3,1,4,2,5,31425,0,1
353,4,1,2,3,5,41235,0,1
354,2,4,3,1,5,24315,1,2
355,4,3,2,1,5,43215,2,3
356,4,1,2,3,5,41235,0,1
357,4,1,3,2,5,41325,1,2
358,1,3,2,4,5,13245,2,3
359,5,1,2,3,4,51234,1,2
360,5,2,1,3,4,52134,2,3
361,1,4,2,3,5,14235,1,2
362,3,1,2,4,5,31245,2,3
363,4,3,2,1,5,43215,1,2
364,5,1,3,2,4,51324,1,2
365,1,2,4,3,5,12435,1,2
366,4,2,3,1,5,42315,2,3
367,4,1,3,2,5,41325,1,2
368,4,1,2,3,5,41235,2,3
369,4,2,1,3,5,42135,1,2
370,3,5,2,4,1,35241,2,3
371,1,3,4,2,5,13425,1,2
372,2,1,3,4,5,21345,2,3
373,1,3,2,4,5,13245,0,1
374,2,1,5,3,4,21534,1,2
375,3,1,2,4,5,31245,2,3
376,4,1,2,3,5,41235,0,1
377,4,1,2,3,5,41235,1,2
378,4,2,1,3,5,42135,2,3
379,4,1,2,3,5,41235,1,2
380,2,1,4,3,5,21435,0,1
381,3,4,2,1,5,34215,0,1
382,4,2,3,1,5,42315,1,2
383,5,1,2,3,4,51234,1,2
384,4,1,2,3,5,41235,2,3
385,5,4,3,2,1,54321,0,1
386,1,3,4,2,5,13425,1,2
387,1,4,3,2,5,14325,2,3
388,3,2,4,1,5,32415,1,2
389,4,3,2,1,5,43215,2,3
390,3,4,1,2,5,34125,0,1
391,3,2,1,4,5,32145,1,2
392,2,3,4,1,5,23415,2,3
393,3,2,1,4,5,32145,0,1
394,2,5,1,3,4,25134,1,2
395,2,1,4,5,3,21453,2,3
396,3,5,2,1,4,35214,0,1
397,1,5,2,3,4,15234,1,2
398,3,1,2,4,5,31245,1,2
399,3,1,2,4,5,31245,1,2
400,4,1,2,3,5,41235,2,3
401,2,3,4,1,5,23415,1,2
402,1,3,4,2,5,13425,0,1
403,2,4,3,1,5,24315,1,2
404,4,2,3,1,5,42315,2,3
405,1,3,2,4,5,13245,0,1
406,2,4,1,3,5,24135,1,2
407,4,1,2,3,5,41235,0,1
408,2,1,3,4,5,21345,1,2
409,2,5,1,3,4,25134,2,3
410,3,1,2,4,5,31245,0,1
411,4,1,2,3,5,41235,1,2
412,2,4,1,3,5,24135,0,1
413,1,2,3,4,5,12345,1,2
414,2,5,3,1,4,25314,2,3
415,1,4,3,2,5,14325,1,2
416,4,1,3,2,5,41325,0,1
417,4,1,3,2,5,41325,1,2
418,4,1,3,2,5,41325,2,3
419,4,1,2,3,5,41235,1,2
420,5,1,2,4,3,51243,2,3
421,2,1,3,4,5,21345,1,2
422,4,3,1,2,5,43125,2,3
423,1,2,3,4,5,12345,1,2
424,2,1,4,3,5,21435,2,3
425,4,1,2,3,5,41235,0,1
426,4,3,1,2,5,43125,1,2
427,4,3,1,2,5,43125,2,3
428,3,4,2,1,5,34215,1,2
429,3,4,1,2,5,34125,2,3
430,4,2,3,1,5,42315,1,2
431,4,3,2,1,5,43215,2,3
432,4,1,2,3,5,41235,1,2
433,4,1,2,3,5,41235,2,3
434,2,1,3,4,5,21345,0,1
435,2,1,3,4,5,21345,1,2
436,1,3,2,4,5,13245,2,3
437,1,4,2,3,5,14235,1,2
438,4,1,3,2,5,41325,2,3
439,3,4,2,1,5,34215,1,2
440,3,4,2,1,5,34215,2,3
441,2,3,4,1,5,23415,0,1
442,3,2,4,1,5,32415,1,2
443,3,2,1,4,5,32145,1,2
444,4,2,3,1,5,42315,0,1
445,4,3,2,1,5,43215,1,2
446,4,2,3,1,5,42315,2,3
447,5,1,3,2,4,51324,0,1
448,5,1,3,2,4,51324,1,2
449,5,1,2,3,4,51234,2,3
450,4,2,1,3,5,42135,0,1
451,4,1,2,3,5,41235,1,2
452,4,1,2,3,5,41235,2,3
453,1,2,4,3,5,12435,1,2
454,1,4,3,2,5,14325,2,3
455,2,3,4,1,5,23415,1,2
456,1,3,4,2,5,13425,2,3
457,1,4,3,2,5,14325,0,1
458,2,1,3,4,5,21345,1,2
459,1,4,2,3,5,14235,2,3
460,1,5,3,2,4,15324,1,2
461,1,4,2,3,5,14235,2,3
462,3,1,2,4,5,31245,1,2
463,1,3,2,4,5,13245,2,3
464,3,1,2,4,5,31245,0,1
465,1,3,4,2,5,13425,0,1
466,4,2,3,1,5,42315,1,2
467,4,1,2,3,5,41235,2,3
468,4,2,1,3,5,42135,0,1
469,2,3,1,4,5,23145,1,2
470,4,3,2,1,5,43215,2,3
471,4,1,2,3,5,41235,0,1
472,4,1,2,3,5,41235,1,2
473,4,1,2,3,5,41235,2,3
474,1,3,2,4,5,13245,0,1
475,3,1,2,4,5,31245,0,1
476,3,1,2,4,5,31245,1,2
477,4,1,2,3,5,41235,2,3
478,1,2,4,3,5,12435,0,1
479,3,1,2,4,5,31245,1,2
480,1,2,3,4,5,12345,2,3
481,3,1,2,4,5,31245,0,1
482,2,1,4,3,5,21435,0,1
483,4,1,2,3,5,41235,1,2
484,4,2,1,3,5,42135,2,3
485,1,3,4,2,5,13425,1,2
486,2,1,3,4,5,21345,1,2
487,4,2,1,3,5,42135,2,3
488,1,2,3,4,5,12345,0,1
489,4,3,2,1,5,43215,0,1
490,1,3,4,5,2,13452,1,2
491,1,4,2,3,5,14235,2,3
492,4,1,2,3,5,41235,0,1
493,4,1,3,2,5,41325,1,2
494,4,1,3,2,5,41325,0,1
495,4,2,3,1,5,42315,0,1
496,4,2,3,1,5,42315,1,2
497,4,1,3,2,5,41325,2,3
498,5,2,1,3,4,52134,1,2
499,4,1,2,3,5,41235,1,2
500,4,2,1,3,5,42135,2,3
501,4,5,1,2,3,45123,1,2
502,4,5,1,2,3,45123,2,3
503,3,4,2,1,5,34215,1,2
504,4,2,1,3,5,42135,0,1
505,4,1,2,3,5,41235,1,2
506,2,1,3,5,4,21354,2,3
507,4,2,3,1,5,42315,0,1
508,4,1,3,2,5,41325,1,2
509,4,1,2,3,5,41235,0,1
510,4,1,2,3,5,41235,1,2
511,4,2,1,3,5,42135,1,2
512,4,2,1,3,5,42135,2,3
513,5,2,1,3,4,52134,1,2
514,4,2,1,3,5,42135,0,1
515,4,2,1,3,5,42135,1,2
516,5,1,2,3,4,51234,2,3
517,5,4,2,3,1,54231,0,1
518,1,4,2,3,5,14235,1,2
519,4,2,1,3,5,42135,1,2
520,4,1,2,3,5,41235,0,1
521,3,2,1,4,5,32145,1,2
522,2,4,3,1,5,24315,2,3
523,3,2,4,1,5,32415,0,1
524,3,4,2,1,5,34215,1,2
525,4,3,1,2,5,43125,2,3
526,2,3,1,4,5,23145,0,1
527,5,1,2,3,4,51234,0,1
528,3,4,1,2,5,34125,1,2
529,4,2,1,3,5,42135,2,3
530,1,5,4,2,3,15423,0,1
531,1,5,3,4,2,15342,1,2
532,3,1,2,4,5,31245,1,2
533,2,3,1,4,5,23145,2,3
534,2,1,3,4,5,21345,0,1
535,1,2,4,3,5,12435,1,2
536,4,1,3,2,5,41325,2,3
537,4,1,3,2,5,41325,1,2
538,1,3,2,4,5,13245,0,1
539,1,3,2,4,5,13245,1,2
540,1,4,2,3,5,14235,2,3
541,4,5,1,3,2,45132,0,1
542,4,1,5,2,3,41523,1,2
543,4,1,5,2,3,41523,2,3
544,2,1,3,5,4,21354,1,2
545,3,4,1,2,5,34125,2,3
546,5,1,3,2,4,51324,1,2
547,5,1,3,2,4,51324,2,3
548,4,3,2,1,5,43215,1,2
549,3,5,2,1,4,35214,2,3
550,4,2,1,3,5,42135,0,1
551,4,2,1,3,5,42135,1,2
552,5,1,3,2,4,51324,0,1
553,4,2,1,3,5,42135,0,1
554,4,1,2,3,5,41235,1,2
555,4,1,3,2,5,41325,2,3
556,1,2,4,3,5,12435,0,1
557,1,3,4,2,5,13425,1,2
558,3,4,1,2,5,34125,2,3
559,5,1,2,3,4,51234,0,1
560,5,1,2,3,4,51234,1,2
561,4,1,2,3,5,41235,2,3
562,3,1,4,2,5,31425,1,2
563,4,1,3,2,5,41325,2,3
564,3,4,2,1,5,34215,0,1
565,4,1,3,2,5,41325,1,2
566,4,1,2,3,5,41235,2,3
567,4,3,2,1,5,43215,1,2
568,4,3,1,2,5,43125,2,3
569,3,1,4,2,5,31425,0,1
570,4,1,3,2,5,41325,1,2
571,5,2,3,1,4,52314,0,1
572,1,2,3,4,5,12345,0,1
573,1,4,3,2,5,14325,1,2
574,3,1,2,4,5,31245,2,3
575,1,4,3,2,5,14325,1,2
576,4,1,2,3,5,41235,2,3
577,3,4,1,2,5,34125,0,1
578,5,4,2,1,3,54213,1,2
579,3,4,1,2,5,34125,0,1
580,3,2,4,1,5,32415,1,2
581,3,4,2,1,5,34215,2,3
582,4,1,2,3,5,41235,1,2
583,4,1,2,3,5,41235,2,3
584,1,2,3,5,4,12354,0,1
585,1,5,3,2,4,15324,1,2
586,1,4,2,3,5,14235,2,3
587,4,1,2,3,5,41235,0,1
588,5,1,2,3,4,51234,1,2
589,5,1,2,3,4,51234,2,3
590,4,3,1,5,2,43152,0,1
591,4,3,1,2,5,43125,1,2
592,4,3,2,1,5,43215,2,3
593,4,1,2,3,5,41235,0,1
594,4,1,2,3,5,41235,1,2
595,3,1,2,4,5,31245,2,3
596,4,2,3,1,5,42315,0,1
597,1,4,2,3,5,14235,1,2
598,2,1,4,3,5,21435,2,3
599,1,4,2,3,5,14235,0,1
600,4,1,3,2,5,41325,1,2
601,4,1,3,2,5,41325,2,3
602,4,1,2,3,5,41235,1,2
603,4,1,3,2,5,41325,2,3
604,4,2,3,1,5,42315,1,2
605,4,2,3,1,5,42315,2,3
606,1,4,3,2,5,14325,0,1
607,3,4,1,2,5,34125,1,2
608,4,5,2,1,3,45213,2,3
609,5,1,2,3,4,51234,0,1
610,4,1,2,3,5,41235,1,2
611,4,1,2,3,5,41235,2,3
612,4,1,3,2,5,41325,0,1
613,2,5,3,1,4,25314,1,2
614,4,2,1,3,5,42135,2,3
615,4,1,3,2,5,41325,1,2
616,3,1,4,2,5,31425,2,3
617,2,1,3,4,5,21345,1,2
618,4,1,2,3,5,41235,2,3
619,3,4,2,1,5,34215,0,1
620,3,4,1,2,5,34125,1,2
621,2,4,3,1,5,24315,2,3
622,4,1,3,2,5,41325,1,2
623,5,1,3,2,4,51324,2,3
624,2,4,3,1,5,24315,0,1
625,1,2,4,3,5,12435,1,2
626,1,4,2,3,5,14235,2,3
627,1,3,2,4,5,13245,0,1
628,1,4,3,2,5,14325,1,2
629,2,1,3,4,5,21345,2,3
630,4,2,3,1,5,42315,1,2
631,4,2,3,1,5,42315,2,3
632,4,1,3,2,5,41325,1,2
633,3,5,2,1,4,35214,1,2
634,4,3,2,1,5,43215,2,3
635,4,1,2,3,5,41235,0,1
636,4,3,1,2,5,43125,0,1
637,5,2,1,3,4,52134,1,2
638,5,3,1,2,4,53124,2,3
639,4,1,2,3,5,41235,0,1
640,2,1,4,3,5,21435,1,2
641,4,2,1,3,5,42135,2,3
642,1,4,3,2,5,14325,1,2
643,4,3,2,1,5,43215,2,3
644,4,1,2,3,5,41235,1,2
645,4,3,1,2,5,43125,0,1
646,4,1,3,2,5,41325,1,2
647,4,3,2,1,5,43215,2,3
648,1,4,2,3,5,14235,1,2
649,2,1,3,4,5,21345,2,3
650,3,4,1,2,5,34125,0,1
651,3,1,4,2,5,31425,1,2
652,4,1,3,2,5,41325,2,3
653,1,4,2,3,5,14235,1,2
654,2,5,1,3,4,25134,2,3
655,4,1,3,2,5,41325,1,2
656,5,3,1,2,4,53124,2,3
657,3,1,4,2,5,31425,0,1
658,4,1,2,3,5,41235,1,2
659,3,1,2,4,5,31245,2,3
660,4,1,2,3,5,41235,1,2
661,5,1,2,3,4,51234,2,3
662,4,1,2,3,5,41235,0,1
663,5,1,2,3,4,51234,1,2
664,5,1,3,2,4,51324,2,3
665,2,4,3,1,5,24315,0,1
666,1,4,2,3,5,14235,1,2
667,3,4,1,2,5,34125,2,3
668,4,1,3,2,5,41325,0,1
669,4,1,3,2,5,41325,1,2
670,4,1,2,3,5,41235,2,3
671,4,1,2,3,5,41235,0,1
672,3,4,2,1,5,34215,0,1
673,4,2,3,1,5,42315,0,1
674,4,1,3,2,5,41325,1,2
675,5,4,3,2,1,54321,2,3
676,1,4,3,2,5,14325,0,1
677,4,1,2,3,5,41235,0,1
678,4,1,2,3,5,41235,1,2
679,4,2,3,1,5,42315,2,3
680,3,1,4,2,5,31425,1,2
681,2,1,4,3,5,21435,2,3
682,4,3,1,2,5,43125,1,2
683,5,3,2,1,4,53214,2,3
684,5,3,2,1,4,53214,0,1
685,5,1,2,3,4,51234,1,2
686,5,3,1,2,4,53124,2,3
687,4,2,1,3,5,42135,1,2
688,4,1,2,3,5,41235,2,3
689,5,1,2,3,4,51234,0,1
690,5,3,1,2,4,53124,1,2
691,2,1,3,5,4,21354,0,1
692,1,4,3,2,5,14325,1,2
693,5,1,3,2,4,51324,2,3
694,1,2,3,4,5,12345,0,1
695,3,2,1,4,5,32145,1,2
696,4,2,1,3,5,42135,2,3
697,1,3,4,2,5,13425,0,1
698,3,1,2,4,5,31245,1,2
699,1,4,2,3,5,14235,1,2
700,3,2,1,4,5,32145,2,3
701,4,2,3,1,5,42315,1,2
702,1,2,4,3,5,12435,2,3
703,4,2,1,3,5,42135,0,1
704,4,2,1,3,5,42135,1,2
705,3,4,1,2,5,34125,2,3
706,4,3,1,2,5,43125,0,1
707,3,1,2,4,5,31245,1,2
708,2,1,5,4,3,21543,2,3
709,4,3,1,2,5,43125,0,1
710,4,1,2,3,5,41235,1,2
711,1,3,2,5,4,13254,2,3
712,3,1,4,2,5,31425,0,1
713,4,1,3,2,5,41325,1,2
714,3,4,2,1,5,34215,2,3
715,1,3,4,2,5,13425,1,2
716,1,2,3,4,5,12345,0,1
717,2,1,3,4,5,21345,1,2
718,2,1,3,4,5,21345,2,3
719,3,2,4,1,5,32415,1,2
720,1,3,4,2,5,13425,2,3
721,4,2,3,1,5,42315,1,2
722,3,2,4,1,5,32415,2,3
723,4,1,2,3,5,41235,0,1
724,3,1,2,4,5,31245,1,2
725,4,2,1,3,5,42135,2,3
726,4,2,1,3,5,42135,0,1
727,2,4,1,3,5,24135,1,2
728,3,4,1,2,5,34125,2,3
729,4,2,3,1,5,42315,0,1
730,5,1,3,2,4,51324,1,2
731,4,1,3,2,5,41325,2,3
732,5,1,2,3,4,51234,0,1
733,5,1,2,3,4,51234,1,2
734,4,1,3,2,5,41325,1,2
735,4,1,3,2,5,41325,2,3
736,4,2,1,3,5,42135,0,1
737,4,1,2,3,5,41235,1,2
738,4,2,3,1,5,42315,0,1
739,4,3,2,1,5,43215,1,2
740,4,3,1,2,5,43125,1,2
741,4,2,1,3,5,42135,2,3
742,5,1,2,3,4,51234,1,2
743,4,2,1,3,5,42135,2,3
744,3,4,1,2,5,34125,0,1
745,3,4,2,1,5,34215,1,2
746,3,4,2,1,5,34215,2,3
747,5,4,1,3,2,54132,1,2
748,2,3,1,5,4,23154,2,3
749,4,1,3,2,5,41325,0,1
750,2,1,4,3,5,21435,1,2
751,4,1,3,2,5,41325,2,3
752,4,1,3,2,5,41325,1,2
753,4,1,3,2,5,41325,2,3
754,4,1,2,3,5,41235,1,2
755,5,1,3,2,4,51324,2,3
756,4,1,3,2,5,41325,0,1
757,4,3,2,1,5,43215,1,2
758,4,3,1,2,5,43125,2,3
759,5,1,2,3,4,51234,1,2
760,4,3,1,2,5,43125,2,3
761,2,3,4,1,5,23415,0,1
762,4,2,3,1,5,42315,0,1
763,1,4,3,2,5,14325,0,1
764,1,4,3,2,5,14325,1,2
765,4,2,3,1,5,42315,0,1
766,4,2,3,1,5,42315,1,2
767,4,3,2,1,5,43215,2,3
768,4,2,3,1,5,42315,0,1
769,4,1,2,3,5,41235,1,2
770,4,1,3,2,5,41325,2,3
771,5,1,3,2,4,51324,0,1
772,4,1,3,2,5,41325,1,2
773,3,1,2,4,5,31245,1,2
774,3,1,4,2,5,31425,2,3
775,3,4,2,1,5,34215,0,1
776,4,1,3,2,5,41325,1,2
777,4,2,3,1,5,42315,2,3
778,2,1,3,4,5,21345,1,2
779,3,1,2,4,5,31245,2,3
780,1,2,4,3,5,12435,0,1
781,1,3,4,2,5,13425,1,2
782,5,1,2,3,4,51234,0,1
783,5,1,2,3,4,51234,1,2
784,3,1,2,5,4,31254,2,3
785,1,4,3,2,5,14325,0,1
786,4,1,2,3,5,41235,1,2
787,2,1,3,4,5,21345,2,3
788,5,2,3,1,4,52314,0,1
789,5,1,3,2,4,51324,1,2
790,5,2,3,1,4,52314,2,3
791,5,1,3,2,4,51324,0,1
792,4,1,3,2,5,41325,0,1
793,5,1,3,2,4,51324,1,2
794,5,1,3,2,4,51324,2,3
795,5,1,3,2,4,51324,0,1
796,4,2,3,1,5,42315,0,1
797,5,1,2,3,4,51234,1,2
798,4,1,2,3,5,41235,2,3
799,4,1,2,3,5,41235,0,1
800,5,1,2,3,4,51234,1,2
801,4,1,2,3,5,41235,2,3
802,5,1,2,3,4,51234,1,2
803,5,1,2,3,4,51234,2,3
804,2,1,4,3,5,21435,0,1
805,4,1,2,5,3,41253,1,2
806,4,3,1,2,5,43125,0,1
807,5,1,2,3,4,51234,1,2
808,1,5,3,2,4,15324,0,1
809,4,1,2,3,5,41235,1,2
810,5,1,3,2,4,51324,2,3
811,5,1,2,3,4,51234,1,2
812,5,1,3,2,4,51324,2,3
813,4,2,1,5,3,42153,0,1
814,3,5,1,2,4,35124,1,2
815,3,4,1,2,5,34125,2,3
816,3,2,1,4,5,32145,1,2
817,4,2,1,3,5,42135,2,3
818,3,2,1,4,5,32145,0,1
819,5,3,1,4,2,53142,0,1
820,4,3,1,2,5,43125,0,1
821,4,1,3,2,5,41325,1,2
822,4,2,3,1,5,42315,2,3
823,1,4,2,3,5,14235,0,1
824,2,4,1,3,5,24135,1,2
825,5,1,3,2,4,51324,0,1
826,5,1,3,2,4,51324,1,2
827,5,1,3,2,4,51324,2,3
828,4,2,3,1,5,42315,1,2
829,5,3,2,1,4,53214,1,2
830,5,1,2,3,4,51234,2,3
831,3,1,2,4,5,31245,0,1
832,3,2,4,1,5,32415,1,2
833,3,4,1,2,5,34125,2,3
834,4,1,2,3,5,41235,0,1
835,3,4,1,2,5,34125,0,1
836,4,3,1,2,5,43125,1,2
837,4,1,2,3,5,41235,2,3
838,4,1,2,3,5,41235,0,1
839,5,2,1,3,4,52134,1,2
840,3,4,1,2,5,34125,2,3
841,2,5,3,1,4,25314,1,2
842,3,5,2,1,4,35214,2,3
843,1,5,3,2,4,15324,0,1
844,2,4,1,3,5,24135,1,2
845,1,5,4,2,3,15423,2,3
846,3,5,2,1,4,35214,0,1
847,3,4,2,1,5,34215,1,2
848,4,1,2,3,5,41235,1,2
849,4,1,2,3,5,41235,2,3
850,1,3,2,4,5,13245,0,1
851,1,2,3,4,5,12345,1,2
852,1,3,2,4,5,13245,2,3
853,4,1,3,2,5,41325,0,1
854,4,3,1,2,5,43125,1,2
855,4,3,2,1,5,43215,1,2
856,4,1,3,2,5,41325,2,3
857,4,1,3,2,5,41325,1,2
858,5,1,3,2,4,51324,2,3
859,4,1,3,2,5,41325,0,1
860,4,1,2,3,5,41235,1,2
861,5,2,1,3,4,52134,2,3
862,5,1,2,3,4,51234,1,2
863,4,1,2,3,5,41235,2,3
864,3,5,2,1,4,35214,1,2
865,4,1,3,2,5,41325,2,3
866,1,4,3,2,5,14325,0,1
867,1,4,2,3,5,14235,1,2
868,1,2,3,4,5,12345,2,3
869,5,1,2,3,4,51234,1,2
870,4,1,2,3,5,41235,2,3
871,2,1,3,4,5,21345,0,1
872,2,1,3,4,5,21345,1,2
873,4,3,1,2,5,43125,2,3
874,4,1,3,2,5,41325,0,1
875,3,1,4,2,5,31425,1,2
876,4,2,3,1,5,42315,2,3
877,4,3,1,2,5,43125,1,2
878,4,3,1,2,5,43125,2,3
879,4,1,2,3,5,41235,0,1
880,3,1,2,4,5,31245,1,2
881,5,3,1,2,4,53124,2,3
882,5,1,2,3,4,51234,0,1
883,3,1,2,4,5,31245,1,2
884,5,1,2,4,3,51243,0,1
885,4,1,3,2,5,41325,1,2
886,1,3,4,2,5,13425,0,1
887,5,1,2,3,4,51234,0,1
888,4,1,3,2,5,41325,1,2
889,5,1,3,2,4,51324,2,3
890,4,3,2,1,5,43215,0,1
891,4,2,3,1,5,42315,1,2
892,4,2,1,3,5,42135,2,3
893,4,1,2,3,5,41235,0,1
894,3,2,1,4,5,32145,1,2
895,4,2,1,3,5,42135,2,3
896,3,4,1,2,5,34125,0,1
897,4,3,1,2,5,43125,1,2
898,3,4,1,2,5,34125,2,3
899,5,1,3,2,4,51324,0,1
900,3,4,2,1,5,34215,1,2
901,3,4,1,2,5,34125,1,2
902,3,4,2,1,5,34215,2,3
903,4,1,2,3,5,41235,0,1
904,3,4,1,2,5,34125,1,2
905,4,1,2,3,5,41235,0,1
906,4,1,2,3,5,41235,1,2
907,4,1,3,2,5,41325,2,3
908,5,1,2,3,4,51234,1,2
909,4,1,2,3,5,41235,2,3
910,4,1,2,3,5,41235,0,1
911,2,4,3,1,5,24315,1,2
912,3,4,1,2,5,34125,2,3
913,4,3,2,1,5,43215,0,1
914,4,3,2,1,5,43215,1,2
915,4,3,1,2,5,43125,1,2
916,3,4,1,2,5,34125,2,3
917,5,1,2,3,4,51234,1,2
918,4,3,2,1,5,43215,2,3
919,4,1,2,3,5,41235,1,2
920,1,2,4,3,5,12435,2,3
921,3,1,2,4,5,31245,0,1
922,4,1,3,2,5,41325,1,2
923,1,3,2,4,5,13245,2,3
924,3,2,1,4,5,32145,0,1
925,4,1,3,2,5,41325,1,2
926,4,1,2,3,5,41235,2,3
927,1,2,3,4,5,12345,1,2
928,3,4,1,2,5,34125,2,3
929,5,1,3,2,4,51324,0,1
930,4,1,2,3,5,41235,1,2
931,4,1,3,2,5,41325,2,3
932,3,2,1,4,5,32145,0,1
933,1,4,2,3,5,14235,1,2
934,1,4,2,3,5,14235,2,3
935,4,1,3,2,5,41325,1,2
936,1,3,4,2,5,13425,2,3
937,1,4,2,3,5,14235,1,2
938,1,3,4,2,5,13425,0,1
939,1,3,4,2,5,13425,1,2
940,4,1,3,2,5,41325,1,2
941,4,2,1,3,5,42135,2,3
942,4,2,3,1,5,42315,0,1
943,4,1,2,3,5,41235,1,2
944,4,1,2,3,5,41235,2,3
945,2,3,1,4,5,23145,1,2
946,4,2,1,3,5,42135,2,3
947,2,3,1,4,5,23145,0,1
948,1,4,2,3,5,14235,1,2
949,4,1,3,2,5,41325,0,1
950,4,1,3,2,5,41325,1,2
951,4,1,3,2,5,41325,2,3
952,4,1,2,3,5,41235,1,2
953,4,1,3,2,5,41325,2,3
954,3,1,2,4,5,31245,0,1
955,5,1,2,3,4,51234,0,1
956,3,1,4,2,5,31425,1,2
957,5,1,3,2,4,51324,1,2
958,4,1,2,3,5,41235,2,3
959,5,1,3,2,4,51324,1,2
960,3,1,2,4,5,31245,2,3
961,4,2,3,1,5,42315,1,2
962,4,1,2,3,5,41235,2,3
963,4,1,2,3,5,41235,0,1
964,1,4,3,2,5,14325,1,2
965,1,2,3,4,5,12345,2,3
966,1,4,3,2,5,14325,1,2
967,2,3,1,4,5,23145,2,3
968,4,2,1,3,5,42135,1,2
969,4,1,2,3,5,41235,1,2
970,5,1,2,3,4,51234,2,3
971,4,1,3,2,5,41325,0,1
972,4,1,2,3,5,41235,1,2
973,4,1,2,3,5,41235,2,3
974,4,1,3,2,5,41325,1,2
975,4,1,2,3,5,41235,2,3
976,4,1,2,3,5,41235,0,1
977,4,1,3,2,5,41325,1,2
978,5,1,3,2,4,51324,2,3
979,1,2,4,3,5,12435,0,1
980,4,2,3,1,5,42315,1,2
981,4,1,2,3,5,41235,2,3
982,5,1,2,3,4,51234,1,2
983,1,3,4,2,5,13425,0,1
984,1,2,4,3,5,12435,1,2
985,1,4,3,2,5,14325,2,3
986,4,1,3,2,5,41325,1,2
987,4,1,3,2,5,41325,2,3
988,4,1,3,2,5,41325,2,3
989,4,1,3,2,5,41325,1,2
990,3,4,2,1,5,34215,2,3
991,4,2,3,1,5,42315,1,2
992,4,1,2,3,5,41235,0,1
993,5,1,3,2,4,51324,1,2
994,5,1,2,3,4,51234,2,3
995,3,1,2,4,5,31245,0,1
996,4,1,2,3,5,41235,1,2
997,1,3,4,5,2,13452,0,1
998,4,2,1,3,5,42135,0,1
999,3,2,1,4,5,32145,1,2
1000,3,1,2,4,5,31245,2,3
1001,3,5,2,4,1,35241,0,1
1002,2,3,1,5,4,23154,0,1
1003,3,5,2,1,4,35214,1,2
1004,4,3,1,2,5,43125,2,3
1005,4,1,2,3,5,41235,0,1
1006,4,1,3,2,5,41325,1,2
1007,5,3,2,1,4,53214,2,3
1008,3,1,4,2,5,31425,0,1
1009,3,1,4,2,5,31425,1,2
1010,4,1,3,2,5,41325,2,3
1011,4,3,1,2,5,43125,1,2
1012,3,4,1,2,5,34125,2,3
1013,5,2,1,3,4,52134,1,2
1014,5,1,2,3,4,51234,2,3
1015,1,4,5,3,2,14532,1,2
1016,3,1,4,2,5,31425,2,3
1017,5,3,1,2,4,53124,0,1
1018,4,1,2,3,5,41235,1,2
1019,4,1,2,3,5,41235,2,3
1020,4,1,2,3,5,41235,0,1
1021,5,1,2,4,3,51243,1,2
1022,5,1,2,3,4,51234,2,3
1023,5,1,3,2,4,51324,0,1
1024,5,1,3,2,4,51324,1,2
1025,4,1,3,2,5,41325,2,3
1026,4,1,2,3,5,41235,1,2
1027,4,1,2,3,5,41235,2,3
1028,5,2,3,1,4,52314,1,2
1029,4,1,3,2,5,41325,0,1
1030,1,3,2,4,5,13245,0,1
1031,1,4,2,3,5,14235,1,2
1032,1,4,2,3,5,14235,2,3
1033,4,1,3,2,5,41325,1,2
1034,3,4,2,1,5,34215,2,3
1035,4,1,3,2,5,41325,0,1
1036,4,1,3,2,5,41325,1,2
1037,4,1,3,2,5,41325,2,3
1038,5,1,3,2,4,51324,1,2
1039,1,2,3,4,5,12345,2,3
1040,4,3,1,2,5,43125,0,1
1041,4,1,3,2,5,41325,1,2
1042,4,2,3,1,5,42315,2,3
1043,4,5,2,1,3,45213,0,1
1044,1,4,2,3,5,14235,1,2
1045,1,5,2,3,4,15234,2,3
1046,1,2,4,3,5,12435,1,2
1047,1,3,2,4,5,13245,2,3
1048,4,2,1,3,5,42135,1,2
1049,4,1,2,3,5,41235,2,3
1050,4,1,2,3,5,41235,1,2
1051,4,1,2,3,5,41235,2,3
1052,2,3,4,1,5,23415,0,1
1053,3,4,2,1,5,34215,1,2
1054,1,3,4,2,5,13425,2,3
1055,4,1,2,3,5,41235,0,1
1056,5,1,3,2,4,51324,1,2
1057,1,3,4,2,5,13425,0,1
1058,4,2,3,1,5,42315,0,1
1059,2,4,3,1,5,24315,1,2
1060,3,4,2,1,5,34215,2,3
1061,4,2,3,1,5,42315,0,1
1062,3,5,2,1,4,35214,1,2
1063,4,2,3,1,5,42315,2,3
1064,4,1,2,3,5,41235,0,1
1065,4,1,2,3,5,41235,1,2
1066,4,1,3,2,5,41325,2,3
1067,4,1,3,2,5,41325,0,1
1068,5,3,1,2,4,53124,1,2
1069,1,3,4,2,5,13425,0,1
1070,3,2,1,4,5,32145,1,2
1071,3,1,2,4,5,31245,2,3
1072,2,1,3,4,5,21345,0,1
1073,4,1,3,2,5,41325,1,2
1074,1,4,2,3,5,14235,2,3
1075,4,3,1,2,5,43125,1,2
1076,4,3,1,2,5,43125,2,3
1077,4,2,1,3,5,42135,1,2
1078,4,2,1,3,5,42135,2,3
1079,4,1,3,2,5,41325,1,2
1080,4,2,1,3,5,42135,1,2
1081,5,1,3,2,4,51324,2,3
1082,1,4,2,3,5,14235,0,1
1083,1,4,2,3,5,14235,1,2
1084,1,4,2,3,5,14235,2,3
1085,4,2,1,3,5,42135,1,2
1086,4,3,1,2,5,43125,2,3
1087,4,1,3,2,5,41325,0,1
1088,3,1,2,4,5,31245,1,2
1089,4,2,1,3,5,42135,2,3
1090,4,3,1,2,5,43125,0,1
1091,1,5,2,3,4,15234,1,2
1092,1,2,3,4,5,12345,2,3
1093,4,3,2,1,5,43215,0,1
1094,3,5,2,1,4,35214,1,2
1095,4,1,2,3,5,41235,0,1
1096,4,1,3,2,5,41325,1,2
1097,4,1,3,2,5,41325,2,3
1098,3,1,2,4,5,31245,1,2
1099,2,1,3,5,4,21354,2,3
1100,4,2,1,3,5,42135,1,2
1101,4,1,3,2,5,41325,0,1
1102,5,1,3,2,4,51324,1,2
1103,4,2,1,3,5,42135,1,2
1104,4,2,1,3,5,42135,2,3
1105,5,1,3,2,4,51324,1,2
1106,5,1,2,3,4,51234,2,3
1107,5,2,3,1,4,52314,1,2
1108,5,1,3,2,4,51324,2,3
1109,4,1,2,3,5,41235,1,2
1110,4,1,2,3,5,41235,2,3
1111,4,1,2,3,5,41235,0,1
1112,4,1,2,3,5,41235,1,2
1113,4,1,3,2,5,41325,2,3
1114,4,1,2,3,5,41235,0,1
1115,4,1,2,3,5,41235,1,2
1116,4,1,2,3,5,41235,2,3
1117,3,2,1,4,5,32145,0,1
1118,1,2,3,4,5,12345,1,2
1119,1,4,3,2,5,14325,2,3
1120,4,1,2,3,5,41235,1,2
1121,5,3,1,2,4,53124,0,1
1122,4,2,1,3,5,42135,1,2
1123,4,3,1,2,5,43125,2,3
1124,3,1,4,2,5,31425,0,1
1125,4,1,3,2,5,41325,1,2
1126,2,4,3,1,5,24315,2,3
1127,2,3,4,1,5,23415,0,1
1128,2,4,3,1,5,24315,1,2
1129,4,1,3,2,5,41325,2,3
1130,4,1,2,3,5,41235,1,2
1131,4,1,2,3,5,41235,2,3
1132,3,4,2,1,5,34215,1,2
1133,1,4,2,3,5,14235,2,3
1134,4,2,1,3,5,42135,1,2
1135,3,2,1,4,5,32145,2,3
1136,5,1,2,3,4,51234,0,1
1137,5,2,1,3,4,52134,1,2
1138,5,2,1,3,4,52134,2,3
1139,3,1,4,2,5,31425,1,2
1140,3,1,4,2,5,31425,2,3
1141,4,1,2,3,5,41235,0,1
1142,4,1,3,2,5,41325,1,2
1143,4,1,2,3,5,41235,2,3
1144,5,2,1,3,4,52134,0,1
1145,2,1,3,4,5,21345,1,2
1146,5,4,2,3,1,54231,2,3
1147,4,1,2,3,5,41235,1,2
1148,4,1,2,3,5,41235,2,3
1149,3,1,2,4,5,31245,0,1
1150,2,5,4,1,3,25413,1,2
1151,3,1,4,2,5,31425,1,2
1152,4,1,2,3,5,41235,2,3
1153,4,1,2,3,5,41235,0,1
1154,4,1,2,3,5,41235,1,2
1155,3,1,2,4,5,31245,2,3
1156,4,1,2,3,5,41235,0,1
1157,5,1,2,3,4,51234,1,2
1158,4,1,2,3,5,41235,2,3
1159,4,1,2,3,5,41235,0,1
1160,4,3,1,2,5,43125,1,2
1161,4,2,1,3,5,42135,2,3
1162,4,1,3,2,5,41325,0,1
1163,4,1,3,2,5,41325,1,2
1164,4,1,3,2,5,41325,2,3
1165,2,4,1,3,5,24135,1,2
1166,2,3,1,4,5,23145,2,3
1167,1,3,2,5,4,13254,1,2
1168,1,4,2,3,5,14235,2,3
1169,4,1,3,2,5,41325,0,1
1170,4,1,3,2,5,41325,1,2
1171,5,1,3,2,4,51324,2,3
1172,1,4,3,2,5,14325,0,1
1173,2,3,4,1,5,23415,1,2
1174,2,4,3,1,5,24315,2,3
1175,3,1,4,2,5,31425,0,1
1176,1,2,3,4,5,12345,1,2
1177,4,2,3,1,5,42315,1,2
1178,4,3,1,2,5,43125,2,3
1179,5,1,2,3,4,51234,0,1
1180,4,1,2,3,5,41235,1,2
1181,5,1,3,2,4,51324,1,2
1182,4,1,3,2,5,41325,2,3
1183,4,1,2,3,5,41235,0,1
1184,4,2,3,1,5,42315,1,2
1185,5,1,2,3,4,51234,2,3
1186,5,1,2,3,4,51234,1,2
1187,4,1,3,2,5,41325,2,3
1188,4,1,2,3,5,41235,0,1
1189,2,1,3,4,5,21345,0,1
1190,1,2,3,4,5,12345,1,2
1191,3,1,2,4,5,31245,2,3
1192,1,4,2,3,5,14235,0,1
1193,3,5,2,1,4,35214,1,2
1194,4,1,3,2,5,41325,1,2
1195,4,2,3,1,5,42315,2,3
1196,3,5,1,2,4,35124,0,1
1197,2,5,1,3,4,25134,1,2
1198,4,3,1,2,5,43125,2,3
1199,5,3,2,1,4,53214,1,2
1200,4,1,3,2,5,41325,2,3
1201,4,3,2,1,5,43215,1,2
1202,3,4,2,1,5,34215,2,3
1203,2,4,1,3,5,24135,1,2
1204,3,2,1,4,5,32145,2,3
1205,5,3,1,2,4,53124,1,2
1206,3,4,1,2,5,34125,2,3
1207,5,1,2,3,4,51234,0,1
1208,5,1,2,3,4,51234,1,2
1209,5,1,2,3,4,51234,2,3
1210,3,1,4,2,5,31425,1,2
1211,3,1,2,4,5,31245,2,3
1212,4,1,2,3,5,41235,0,1
1213,5,2,1,3,4,52134,1,2
1214,5,1,2,3,4,51234,2,3
1215,4,3,2,1,5,43215,1,2
1216,4,3,1,2,5,43125,2,3
1217,4,3,1,2,5,43125,1,2
1218,4,3,1,2,5,43125,2,3
1219,4,1,2,3,5,41235,0,1
1220,4,3,1,2,5,43125,1,2
1221,4,1,3,2,5,41325,2,3
1222,4,1,2,3,5,41235,1,2
1223,2,4,1,3,5,24135,2,3
1224,4,3,1,2,5,43125,1,2
1225,4,1,2,3,5,41235,2,3
1226,4,1,2,3,5,41235,1,2
1227,4,1,3,2,5,41325,2,3
1228,4,1,2,3,5,41235,0,1
1229,2,1,4,3,5,21435,1,2
1230,3,2,4,1,5,32415,2,3
1231,2,4,3,1,5,24315,1,2
1232,2,4,1,3,5,24135,2,3
1233,4,1,3,2,5,41325,0,1
1234,1,4,2,3,5,14235,1,2
1235,1,3,2,4,5,13245,2,3
1236,4,3,1,2,5,43125,1,2
1237,4,3,2,1,5,43215,2,3
1238,4,1,3,2,5,41325,0,1
1239,4,1,3,2,5,41325,1,2
1240,4,1,3,2,5,41325,2,3
1241,4,1,2,3,5,41235,1,2
1242,1,3,2,4,5,13245,0,1
1243,4,1,2,3,5,41235,1,2
1244,4,1,3,2,5,41325,2,3
1245,4,1,2,3,5,41235,1,2
1246,4,1,3,2,5,41325,2,3
1247,3,1,4,2,5,31425,0,1
1248,2,1,4,3,5,21435,1,2
1249,2,1,3,4,5,21345,2,3
1250,4,1,3,2,5,41325,0,1
1251,4,1,3,2,5,41325,1,2
1252,4,1,2,3,5,41235,2,3
1253,5,1,2,3,4,51234,1,2
1254,5,1,2,3,4,51234,2,3
1255,4,1,2,3,5,41235,1,2
1256,3,4,2,1,5,34215,0,1
1257,4,1,2,3,5,41235,1,2
1258,4,1,2,3,5,41235,2,3
1259,1,2,3,4,5,12345,0,1
1260,4,3,2,1,5,43215,1,2
1261,4,1,2,3,5,41235,2,3
1262,4,1,2,3,5,41235,0,1
1263,4,1,2,3,5,41235,1,2
1264,4,2,1,3,5,42135,2,3
1265,5,1,3,2,4,51324,0,1
1266,4,1,3,2,5,41325,1,2
1267,4,2,1,3,5,42135,0,1
1268,3,1,2,4,5,31245,1,2
1269,4,1,2,3,5,41235,2,3
1270,1,3,4,2,5,13425,1,2
1271,4,3,2,1,5,43215,2,3
1272,4,3,2,1,5,43215,0,1
1273,4,2,1,3,5,42135,1,2
1274,5,3,1,2,4,53124,2,3
1275,1,2,3,4,5,12345,0,1
1276,1,2,3,4,5,12345,1,2
1277,3,2,1,4,5,32145,2,3
1278,1,4,3,2,5,14325,0,1
1279,3,4,1,2,5,34125,1,2
1280,1,4,3,2,5,14325,2,3
1281,4,1,2,3,5,41235,1,2
1282,3,1,2,4,5,31245,2,3
1283,4,3,1,2,5,43125,0,1
1284,3,1,2,4,5,31245,1,2
1285,2,4,1,3,5,24135,2,3
1286,4,1,2,3,5,41235,1,2
1287,4,1,3,2,5,41325,2,3
1288,5,2,3,1,4,52314,1,2
1289,3,1,4,2,5,31425,0,1
1290,3,2,4,1,5,32415,1,2
1291,3,1,4,2,5,31425,2,3
1292,1,2,3,4,5,12345,1,2
1293,4,1,2,3,5,41235,2,3
1294,4,1,2,3,5,41235,0,1
1295,4,1,2,3,5,41235,1,2
1296,5,1,3,2,4,51324,2,3
1297,4,2,1,3,5,42135,0,1
1298,1,4,2,3,5,14235,0,1
1299,1,3,4,2,5,13425,1,2
1300,5,1,2,3,4,51234,1,2
1301,5,1,2,3,4,51234,2,3
1302,3,1,2,4,5,31245,0,1
1303,4,2,1,3,5,42135,1,2
1304,4,2,1,3,5,42135,2,3
1305,5,1,2,4,3,51243,1,2
1306,4,1,2,3,5,41235,2,3
1307,1,4,3,2,5,14325,1,2
1308,1,4,3,2,5,14325,2,3
1309,2,1,3,4,5,21345,0,1
1310,2,4,1,3,5,24135,1,2
1311,1,3,2,4,5,13245,2,3
1312,4,3,1,2,5,43125,0,1
1313,4,1,2,3,5,41235,0,1
1314,3,1,2,4,5,31245,1,2
1315,4,1,2,3,5,41235,2,3
1316,3,2,1,4,5,32145,0,1
1317,3,1,2,4,5,31245,1,2
1318,1,2,3,4,5,12345,2,3
1319,3,2,1,4,5,32145,0,1
1320,2,4,1,3,5,24135,1,2
1321,1,4,2,3,5,14235,2,3
1322,4,1,2,3,5,41235,1,2
1323,4,1,2,3,5,41235,2,3
1324,3,4,2,1,5,34215,0,1
1325,3,4,1,2,5,34125,1,2
1326,4,1,2,3,5,41235,2,3
1327,5,1,2,3,4,51234,0,1
1328,3,2,4,1,5,32415,0,1
1329,4,1,3,2,5,41325,1,2
1330,4,1,3,2,5,41325,2,3
1331,1,3,2,4,5,13245,0,1
1332,4,1,2,3,5,41235,1,2
1333,4,3,1,2,5,43125,1,2
1334,4,3,2,1,5,43215,2,3
1335,3,4,1,2,5,34125,1,2
1336,1,4,3,2,5,14325,2,3
1337,1,4,2,3,5,14235,0,1
1338,4,2,3,1,5,42315,0,1
1339,4,2,3,1,5,42315,1,2
1340,4,3,2,1,5,43215,2,3
1341,3,1,4,2,5,31425,1,2
1342,1,2,5,3,4,12534,2,3
1343,1,4,2,3,5,14235,0,1
1344,1,5,3,2,4,15324,1,2
1345,2,4,3,1,5,24315,2,3
1346,1,4,3,2,5,14325,1,2
1347,2,1,3,4,5,21345,2,3
1348,4,2,1,3,5,42135,1,2
1349,4,2,1,3,5,42135,2,3
1350,1,4,2,3,5,14235,0,1
1351,2,4,3,1,5,24315,1,2
1352,2,5,3,1,4,25314,2,3
1353,1,2,3,4,5,12345,0,1
1354,1,2,4,3,5,12435,1,2
1355,1,2,4,3,5,12435,2,3
1356,4,1,2,3,5,41235,1,2
1357,2,1,3,4,5,21345,2,3
1358,3,2,4,1,5,32415,0,1
1359,4,1,2,3,5,41235,1,2
1360,3,2,1,4,5,32145,2,3
1361,4,2,3,1,5,42315,1,2
1362,4,1,3,2,5,41325,2,3
1363,1,3,2,4,5,13245,0,1
1364,1,2,3,4,5,12345,1,2
1365,2,1,3,4,5,21345,2,3
1366,3,1,2,4,5,31245,1,2
1367,2,1,3,4,5,21345,2,3
1368,4,1,2,3,5,41235,0,1
1369,4,3,2,1,5,43215,1,2
1370,4,1,2,3,5,41235,2,3
1371,4,1,2,3,5,41235,0,1
1372,5,2,3,1,4,52314,1,2
1373,3,2,1,4,5,32145,1,2
1374,3,2,1,4,5,32145,2,3
1375,1,4,2,3,5,14235,0,1
1376,2,1,4,3,5,21435,1,2
1377,3,4,1,2,5,34125,2,3
1378,4,3,2,1,5,43215,1,2
1379,4,3,1,2,5,43125,2,3
1380,5,1,3,2,4,51324,1,2
1381,4,1,3,2,5,41325,2,3
1382,4,1,2,3,5,41235,0,1
1383,4,1,2,3,5,41235,1,2
1384,3,1,5,4,2,31542,0,1
1385,2,1,3,4,5,21345,1,2
1386,2,1,3,4,5,21345,2,3
1387,2,4,1,3,5,24135,0,1
1388,3,1,2,4,5,31245,1,2
1389,5,1,2,3,4,51234,0,1
1390,4,1,2,3,5,41235,1,2
1391,4,1,2,3,5,41235,2,3
1392,4,1,3,2,5,41325,1,2
1393,4,1,2,3,5,41235,2,3
1394,4,2,1,3,5,42135,0,1
1395,1,4,2,3,5,14235,1,2
1396,3,2,1,4,5,32145,2,3
1397,2,5,3,1,4,25314,0,1
1398,4,2,3,1,5,42315,1,2
1399,4,2,3,1,5,42315,2,3
1400,1,2,3,5,4,12354,0,1
1401,1,2,4,3,5,12435,1,2
1402,5,3,4,1,2,53412,2,3
1403,3,4,2,1,5,34215,0,1
1404,4,1,3,2,5,41325,1,2
1405,4,1,3,2,5,41325,2,3
1406,4,2,1,3,5,42135,1,2
1407,4,1,2,3,5,41235,2,3
1408,4,1,3,2,5,41325,1,2
1409,5,2,1,3,4,52134,0,1
1410,5,1,3,2,4,51324,1,2
1411,4,1,2,3,5,41235,0,1
1412,4,2,1,3,5,42135,1,2
1413,5,2,3,1,4,52314,0,1
1414,5,1,3,2,4,51324,1,2
1415,4,1,2,3,5,41235,1,2
1416,4,2,1,3,5,42135,2,3
1417,3,2,4,1,5,32415,1,2
1418,3,1,4,2,5,31425,0,1
1419,4,3,2,1,5,43215,1,2
1420,4,2,3,1,5,42315,2,3
1421,4,3,1,2,5,43125,0,1
1422,4,3,2,1,5,43215,1,2
1423,4,3,1,2,5,43125,2,3
1424,4,1,3,2,5,41325,1,2
1425,4,1,2,3,5,41235,1,2
1426,4,1,2,3,5,41235,2,3
1427,2,4,3,1,5,24315,0,1
1428,2,1,3,4,5,21345,1,2
1429,2,3,4,1,5,23415,2,3
1430,1,2,4,5,3,12453,1,2
1431,4,2,1,3,5,42135,2,3
1432,3,4,2,1,5,34215,0,1
1433,4,1,3,2,5,41325,1,2
1434,1,2,4,3,5,12435,2,3
1435,5,2,3,1,4,52314,0,1
1436,4,1,3,2,5,41325,1,2
1437,4,1,3,2,5,41325,2,3
1438,4,1,2,3,5,41235,0,1
1439,3,1,2,4,5,31245,1,2
1440,4,1,2,3,5,41235,2,3
1441,1,4,2,3,5,14235,1,2
1442,3,2,1,4,5,32145,2,3
1443,1,3,2,4,5,13245,1,2
1444,1,4,2,3,5,14235,2,3
1445,4,1,3,2,5,41325,1,2
1446,4,1,2,3,5,41235,2,3
1447,1,2,4,5,3,12453,0,1
1448,1,2,3,4,5,12345,1,2
1449,1,2,3,5,4,12354,2,3
1450,2,3,1,4,5,23145,0,1
1451,4,1,2,3,5,41235,1,2
1452,4,1,3,2,5,41325,2,3
1453,5,1,2,3,4,51234,1,2
1454,2,3,1,4,5,23145,2,3
1455,4,1,3,2,5,41325,0,1
1456,3,1,4,2,5,31425,1,2
1457,2,1,4,3,5,21435,2,3
1458,4,1,2,3,5,41235,0,1
1459,3,4,1,2,5,34125,1,2
1460,1,4,2,3,5,14235,0,1
1461,1,4,2,3,5,14235,1,2
1462,1,2,3,4,5,12345,2,3
1463,5,2,3,1,4,52314,0,1
1464,5,1,3,2,4,51324,1,2
1465,5,1,2,3,4,51234,1,2
1466,5,1,3,2,4,51324,2,3
1467,3,5,1,2,4,35124,1,2
1468,4,1,2,3,5,41235,2,3
1469,1,3,2,5,4,13254,0,1
1470,1,4,2,3,5,14235,1,2
1471,2,4,1,3,5,24135,2,3
1472,2,3,1,4,5,23145,0,1
1473,4,1,2,3,5,41235,1,2
1474,4,1,2,3,5,41235,2,3
1475,1,4,2,3,5,14235,1,2
1476,4,1,2,3,5,41235,2,3
1477,3,4,1,2,5,34125,1,2
1478,4,1,2,3,5,41235,2,3
1479,1,3,4,2,5,13425,0,1
1480,4,5,2,1,3,45213,1,2
1481,1,4,3,2,5,14325,2,3
1482,3,1,2,4,5,31245,0,1
1483,3,1,2,4,5,31245,1,2
1484,3,2,1,4,5,32145,2,3
1485,2,3,4,1,5,23415,0,1
1486,2,3,5,1,4,23514,1,2
1487,5,4,1,2,3,54123,2,3
1488,5,1,3,2,4,51324,0,1
1489,5,1,3,2,4,51324,1,2
1490,5,1,2,3,4,51234,2,3
1491,5,1,3,2,4,51324,0,1
1492,3,1,2,4,5,31245,1,2
1493,5,2,3,1,4,52314,0,1
1494,1,2,3,4,5,12345,1,2
1495,1,3,2,4,5,13245,0,1
1496,4,2,3,1,5,42315,0,1
1497,4,1,2,3,5,41235,1,2
1498,4,1,3,2,5,41325,2,3
1499,4,1,2,3,5,41235,0,1
1500,3,4,1,2,5,34125,1,2
1501,4,2,1,3,5,42135,2,3
1502,5,1,3,2,4,51324,1,2
1503,4,1,3,2,5,41325,2,3
1504,4,2,3,1,5,42315,1,2
1505,1,2,3,4,5,12345,2,3
1506,3,1,2,4,5,31245,1,2
1507,1,2,3,4,5,12345,2,3
1508,4,3,2,1,5,43215,1,2
1509,1,4,2,3,5,14235,0,1
1510,2,4,3,1,5,24315,1,2
1511,2,4,3,1,5,24315,2,3
1512,1,4,2,3,5,14235,1,2
1513,1,3,2,4,5,13245,2,3
1514,4,1,3,2,5,41325,1,2
1515,4,3,2,1,5,43215,2,3
1516,5,4,3,2,1,54321,0,1
1517,4,1,3,2,5,41325,1,2
1518,3,1,5,2,4,31524,2,3
1519,4,3,1,2,5,43125,1,2
1520,4,1,3,2,5,41325,0,1
1521,4,1,2,3,5,41235,1,2
1522,4,1,2,3,5,41235,2,3
1523,4,1,2,3,5,41235,0,1
1524,5,1,2,3,4,51234,1,2
1525,4,2,1,3,5,42135,2,3
1526,2,1,4,5,3,21453,0,1
1527,1,2,4,3,5,12435,1,2
1528,2,1,3,4,5,21345,2,3
1529,4,1,3,2,5,41325,1,2
1530,4,1,2,3,5,41235,2,3
1531,2,1,3,4,5,21345,0,1
1532,2,3,1,4,5,23145,1,2
1533,4,2,1,3,5,42135,2,3
1534,2,4,3,1,5,24315,1,2
1535,3,4,2,1,5,34215,2,3
1536,1,4,2,3,5,14235,1,2
1537,2,4,1,3,5,24135,2,3
1538,4,2,3,1,5,42315,1,2
1539,1,4,2,3,5,14235,2,3
1540,3,2,4,1,5,32415,1,2
1541,2,1,4,3,5,21435,2,3
1542,1,4,2,3,5,14235,1,2
1543,4,1,3,2,5,41325,0,1
1544,1,4,3,2,5,14325,1,2
1545,2,1,4,3,5,21435,0,1
1546,4,1,2,3,5,41235,1,2
1547,5,1,3,2,4,51324,1,2
1548,4,2,3,1,5,42315,2,3
1549,3,2,1,4,5,32145,1,2
1550,4,1,2,3,5,41235,2,3
1551,1,3,2,4,5,13245,1,2
1552,1,4,2,3,5,14235,2,3
1553,2,3,1,4,5,23145,1,2
1554,1,3,2,4,5,13245,2,3
1555,4,1,3,2,5,41325,1,2
1556,4,1,2,3,5,41235,0,1
1557,3,1,2,4,5,31245,1,2
1558,3,1,2,4,5,31245,2,3
1559,2,4,1,3,5,24135,1,2
1560,1,2,3,4,5,12345,2,3
1561,5,1,2,4,3,51243,0,1
1562,1,4,3,2,5,14325,0,1
1563,1,2,5,3,4,12534,1,2
1564,2,1,3,4,5,21345,2,3
1565,1,2,3,4,5,12345,0,1
1566,1,3,2,4,5,13245,1,2
1567,1,4,2,3,5,14235,2,3
1568,1,5,2,3,4,15234,1,2
1569,1,4,2,3,5,14235,2,3
1570,3,4,2,1,5,34215,0,1
1571,4,3,1,2,5,43125,1,2
1572,4,3,1,2,5,43125,2,3
1573,4,1,2,3,5,41235,0,1
1574,1,4,3,2,5,14325,1,2
1575,1,4,3,2,5,14325,2,3
1576,5,1,3,2,4,51324,1,2
1577,5,1,3,2,4,51324,0,1
1578,5,2,1,3,4,52134,1,2
1579,5,3,1,2,4,53124,2,3
1580,4,1,2,3,5,41235,0,1
1581,4,1,2,3,5,41235,1,2
1582,4,2,1,3,5,42135,2,3
1583,4,1,2,3,5,41235,1,2
1584,4,1,3,2,5,41325,2,3
1585,1,3,4,2,5,13425,1,2
1586,1,3,4,2,5,13425,2,3
1587,4,2,3,1,5,42315,1,2
1588,5,1,3,2,4,51324,2,3
1589,1,3,2,4,5,13245,0,1
1590,3,1,2,4,5,31245,1,2
1591,4,1,2,3,5,41235,2,3
1592,4,1,2,3,5,41235,1,2
1593,4,1,2,3,5,41235,2,3
1594,2,3,4,1,5,23415,1,2
1595,1,4,3,2,5,14325,2,3
1596,2,1,4,3,5,21435,1,2
1597,4,2,1,3,5,42135,1,2
1598,4,1,3,2,5,41325,0,1
1599,4,3,2,1,5,43215,1,2
1600,4,1,2,3,5,41235,1,2
1601,4,1,2,3,5,41235,2,3
1602,2,3,4,1,5,23415,0,1
1603,1,2,3,4,5,12345,1,2
1604,1,3,4,5,2,13452,2,3
1605,4,1,2,3,5,41235,1,2
1606,5,1,2,3,4,51234,2,3
1607,4,3,1,2,5,43125,0,1
1608,4,1,2,3,5,41235,1,2
1609,4,1,2,3,5,41235,2,3
1610,5,1,3,2,4,51324,0,1
1611,5,1,3,2,4,51324,1,2
1612,1,2,4,3,5,12435,1,2
1613,2,4,3,1,5,24315,2,3
1614,4,3,1,2,5,43125,1,2
1615,5,4,2,3,1,54231,1,2
1616,2,3,1,4,5,23145,0,1
1617,1,4,2,3,5,14235,1,2
1618,1,4,2,3,5,14235,2,3
1619,5,3,1,2,4,53124,0,1
1620,3,5,1,2,4,35124,1,2
1621,5,3,2,1,4,53214,2,3
1622,5,2,4,1,3,52413,1,2
1623,4,3,1,2,5,43125,2,3
1624,3,2,1,4,5,32145,0,1
1625,3,2,1,4,5,32145,1,2
1626,4,1,2,3,5,41235,1,2
1627,4,3,1,2,5,43125,2,3
1628,4,3,1,2,5,43125,1,2
1629,4,3,1,2,5,43125,2,3
1630,4,2,3,1,5,42315,1,2
1631,3,2,4,1,5,32415,2,3
1632,4,1,3,2,5,41325,0,1
1633,5,2,3,1,4,52314,1,2
1634,1,3,4,2,5,13425,2,3
1635,5,1,2,3,4,51234,1,2
1636,5,1,2,3,4,51234,2,3
1637,5,1,3,2,4,51324,1,2
1638,3,4,2,1,5,34215,0,1
1639,3,1,4,2,5,31425,1,2
1640,3,1,4,2,5,31425,2,3
1641,2,1,4,3,5,21435,0,1
1642,4,1,2,3,5,41235,1,2
1643,2,3,1,4,5,23145,2,3
1644,4,1,3,2,5,41325,0,1
1645,4,2,3,1,5,42315,1,2
1646,5,1,3,2,4,51324,2,3
1647,4,1,3,2,5,41325,1,2
1648,4,2,3,1,5,42315,2,3
1649,5,1,2,4,3,51243,1,2
1650,4,1,3,2,5,41325,2,3
1651,4,1,2,3,5,41235,0,1
1652,3,4,1,2,5,34125,1,2
1653,3,4,1,2,5,34125,2,3
1654,2,1,4,3,5,21435,1,2
1655,2,1,3,4,5,21345,2,3
1656,4,1,2,3,5,41235,1,2
1657,4,1,2,3,5,41235,2,3
1658,4,3,2,1,5,43215,1,2
1659,2,4,3,1,5,24315,2,3
1660,5,1,3,2,4,51324,1,2
1661,5,2,3,1,4,52314,2,3
1662,4,1,2,3,5,41235,1,2
1663,2,1,3,4,5,21345,0,1
1664,4,1,3,2,5,41325,1,2
1665,1,4,3,2,5,14325,1,2
1666,1,2,3,4,5,12345,2,3
1667,3,1,2,5,4,31254,1,2
1668,4,2,3,1,5,42315,1,2
1669,3,2,4,1,5,32415,2,3
1670,3,1,2,4,5,31245,1,2
1671,2,4,1,3,5,24135,2,3
1672,2,3,4,1,5,23415,0,1
1673,4,2,3,1,5,42315,1,2
1674,4,2,3,1,5,42315,2,3
1675,4,1,3,5,2,41352,0,1
1676,3,5,4,1,2,35412,1,2
1677,1,4,3,2,5,14325,0,1
1678,1,4,2,3,5,14235,1,2
1679,1,4,3,2,5,14325,2,3
1680,4,3,1,2,5,43125,1,2
1681,3,4,1,2,5,34125,2,3
1682,3,2,4,1,5,32415,0,1
1683,4,1,3,2,5,41325,1,2
1684,4,2,3,1,5,42315,2,3
1685,5,2,3,1,4,52314,0,1
1686,4,3,2,1,5,43215,1,2
1687,3,4,2,1,5,34215,2,3
1688,5,3,1,2,4,53124,1,2
1689,4,2,1,3,5,42135,2,3
1690,3,4,1,2,5,34125,1,2
1691,4,3,1,2,5,43125,2,3
1692,4,2,1,3,5,42135,1,2
1693,3,2,4,1,5,32415,1,2
1694,4,1,3,2,5,41325,2,3
1695,4,2,1,3,5,42135,1,2
1696,4,1,2,3,5,41235,1,2
1697,4,1,2,3,5,41235,2,3
1698,4,1,2,3,5,41235,0,1
1699,4,1,2,3,5,41235,1,2
1700,3,1,2,4,5,31245,1,2
1701,3,1,2,4,5,31245,2,3
1702,4,2,1,3,5,42135,0,1
1703,3,4,2,1,5,34215,0,1
1704,1,4,3,2,5,14325,0,1
1705,4,3,2,1,5,43215,1,2
1706,2,1,3,4,5,21345,2,3
1707,3,2,1,4,5,32145,1,2
1708,3,2,1,4,5,32145,2,3
1709,5,3,1,2,4,53124,1,2
1710,4,1,3,2,5,41325,2,3
1711,4,2,1,3,5,42135,0,1
1712,4,2,1,3,5,42135,1,2
1713,5,1,2,3,4,51234,2,3
1714,4,1,3,2,5,41325,0,1
1715,5,1,3,2,4,51324,1,2
1716,2,4,1,3,5,24135,0,1
1717,1,4,3,2,5,14325,1,2
1718,3,5,1,2,4,35124,2,3
1719,2,1,3,4,5,21345,0,1
1720,4,3,2,1,5,43215,1,2
1721,4,1,3,2,5,41325,2,3
1722,2,4,1,3,5,24135,1,2
1723,3,5,1,4,2,35142,2,3
1724,1,2,3,4,5,12345,0,1
1725,4,1,2,3,5,41235,0,1
1726,3,1,2,5,4,31254,1,2
1727,4,1,2,3,5,41235,2,3
1728,4,1,3,2,5,41325,1,2
1729,3,1,2,4,5,31245,2,3
1730,3,1,4,2,5,31425,0,1
1731,4,1,3,2,5,41325,1,2
1732,4,1,3,2,5,41325,2,3
1733,4,1,2,3,5,41235,1,2
1734,5,1,3,2,4,51324,1,2
1735,5,1,2,3,4,51234,2,3
1736,4,1,2,3,5,41235,0,1
1737,4,2,1,3,5,42135,1,2
1738,3,2,1,4,5,32145,2,3
1739,2,1,3,4,5,21345,1,2
1740,1,2,4,3,5,12435,2,3
1741,4,1,3,2,5,41325,1,2
1742,5,1,3,4,2,51342,2,3
1743,4,1,3,2,5,41325,0,1
1744,4,2,3,1,5,42315,1,2
1745,4,1,3,2,5,41325,2,3
1746,5,1,3,2,4,51324,1,2
1747,2,1,4,3,5,21435,2,3
1748,1,4,3,2,5,14325,0,1
1749,1,4,2,3,5,14235,1,2
1750,5,3,1,2,4,53124,2,3
1751,4,1,2,3,5,41235,0,1
1752,4,2,1,3,5,42135,1,2
1753,4,1,2,3,5,41235,2,3
1754,3,4,1,2,5,34125,0,1
1755,4,1,3,2,5,41325,1,2
1756,3,1,4,2,5,31425,2,3
1757,4,2,1,3,5,42135,0,1
1758,4,1,2,3,5,41235,1,2
1759,4,2,1,3,5,42135,2,3
1760,3,2,1,4,5,32145,1,2
1761,3,2,1,4,5,32145,2,3
1762,4,2,3,1,5,42315,0,1
1763,5,1,3,2,4,51324,1,2
1764,4,3,2,1,5,43215,2,3
1765,5,1,3,2,4,51324,0,1
1766,5,1,3,2,4,51324,1,2
1767,4,1,2,3,5,41235,1,2
1768,4,1,2,3,5,41235,2,3
1769,4,3,2,1,5,43215,1,2
1770,5,1,3,2,4,51324,2,3
1771,4,1,3,2,5,41325,0,1
1772,3,4,2,1,5,34215,1,2
1773,2,1,4,3,5,21435,2,3
1774,3,1,2,4,5,31245,1,2
1775,3,1,2,4,5,31245,0,1
1776,2,1,3,4,5,21345,1,2
1777,2,1,3,4,5,21345,2,3
1778,4,1,3,2,5,41325,2,3
1779,4,1,2,3,5,41235,0,1
1780,4,1,3,2,5,41325,0,1
1781,4,1,2,3,5,41235,1,2
1782,3,4,2,1,5,34215,2,3
1783,1,2,4,3,5,12435,0,1
1784,2,4,1,3,5,24135,1,2
1785,3,4,1,2,5,34125,2,3
1786,4,1,2,3,5,41235,0,1
1787,3,4,1,2,5,34125,1,2
1788,4,2,1,3,5,42135,2,3
1789,1,4,3,2,5,14325,0,1
1790,5,1,3,2,4,51324,0,1
1791,4,1,3,2,5,41325,1,2
1792,5,1,3,2,4,51324,2,3
1793,4,1,2,3,5,41235,0,1
1794,4,1,3,2,5,41325,1,2
1795,4,1,3,2,5,41325,2,3
1796,3,2,4,1,5,32415,1,2
1797,3,4,1,2,5,34125,2,3
1798,4,2,1,3,5,42135,1,2
1799,4,2,1,3,5,42135,2,3
1800,4,1,3,2,5,41325,0,1
1801,3,5,2,1,4,35214,1,2
1802,1,2,3,4,5,12345,2,3
1803,5,2,3,1,4,52314,1,2
1804,5,1,3,2,4,51324,2,3
1805,4,1,2,3,5,41235,0,1
1806,4,1,3,2,5,41325,1,2
1807,4,1,3,2,5,41325,2,3
1808,4,1,2,3,5,41235,1,2
1809,3,4,2,1,5,34215,0,1
1810,1,4,3,2,5,14325,1,2
1811,2,3,4,1,5,23415,2,3
1812,4,1,2,3,5,41235,1,2
1813,4,1,2,3,5,41235,2,3
1814,5,1,2,3,4,51234,0,1
1815,5,1,3,2,4,51324,1,2
1816,5,1,2,3,4,51234,2,3
1817,3,1,2,4,5,31245,0,1
1818,3,2,1,4,5,32145,1,2
1819,2,4,3,1,5,24315,2,3
1820,4,1,2,3,5,41235,1,2
1821,5,1,2,4,3,51243,2,3
1822,1,4,2,3,5,14235,1,2
1823,3,2,1,4,5,32145,2,3
1824,4,2,1,3,5,42135,1,2
1825,4,2,1,3,5,42135,2,3
1826,4,1,2,3,5,41235,1,2
1827,4,1,2,3,5,41235,2,3
1828,4,1,3,2,5,41325,0,1
1829,3,1,4,2,5,31425,1,2
1830,3,5,2,1,4,35214,1,2
1831,4,1,2,3,5,41235,2,3
1832,5,1,2,3,4,51234,0,1
1833,5,2,1,3,4,52134,1,2
1834,4,1,2,3,5,41235,2,3
1835,4,1,3,2,5,41325,0,1
1836,4,1,3,2,5,41325,1,2
1837,4,1,3,2,5,41325,2,3
1838,5,1,3,2,4,51324,1,2
1839,4,2,3,1,5,42315,2,3
1840,2,4,3,1,5,24315,0,1
1841,2,4,3,1,5,24315,1,2
1842,5,2,3,1,4,52314,0,1
1843,4,1,3,2,5,41325,1,2
1844,4,1,3,2,5,41325,2,3
1845,1,3,4,2,5,13425,1,2
1846,1,4,2,3,5,14235,2,3
1847,4,1,2,3,5,41235,0,1
1848,4,1,2,3,5,41235,1,2
1849,4,1,3,2,5,41325,2,3
1850,4,1,3,2,5,41325,1,2
1851,4,1,3,2,5,41325,2,3
1852,2,5,3,1,4,25314,1,2
1853,4,1,3,2,5,41325,2,3
1854,3,4,1,2,5,34125,0,1
1855,4,1,3,2,5,41325,1,2
1856,4,1,2,3,5,41235,2,3
1857,4,1,2,3,5,41235,1,2
1858,4,1,3,2,5,41325,2,3
1859,4,1,2,3,5,41235,0,1
1860,3,2,1,4,5,32145,0,1
1861,3,4,1,2,5,34125,1,2
1862,3,4,1,2,5,34125,2,3
1863,4,2,1,3,5,42135,1,2
1864,3,1,2,4,5,31245,2,3
1865,1,3,4,2,5,13425,0,1
1866,5,1,3,2,4,51324,0,1
1867,5,1,3,2,4,51324,1,2
1868,2,5,3,1,4,25314,1,2
1869,2,3,1,4,5,23145,2,3
1870,4,1,3,2,5,41325,0,1
1871,4,1,3,2,5,41325,1,2
1872,4,1,3,2,5,41325,2,3
1873,5,3,1,2,4,53124,0,1
1874,4,1,2,3,5,41235,1,2
1875,5,1,2,3,4,51234,2,3
1876,4,1,2,3,5,41235,1,2
1877,4,5,1,2,3,45123,1,2
1878,4,1,2,3,5,41235,2,3
1879,4,1,3,2,5,41325,1,2
1880,4,1,3,2,5,41325,2,3
1881,4,1,2,3,5,41235,0,1
1882,4,1,2,3,5,41235,1,2
1883,1,4,2,3,5,14235,2,3
1884,4,1,2,3,5,41235,1,2
1885,4,1,2,3,5,41235,2,3
1886,4,1,2,3,5,41235,0,1
1887,4,1,2,3,5,41235,1,2
1888,4,1,3,2,5,41325,0,1
1889,4,3,1,2,5,43125,1,2
1890,5,1,2,3,4,51234,2,3
1891,5,4,2,1,3,54213,0,1
1892,5,3,2,1,4,53214,1,2
1893,5,3,2,1,4,53214,2,3
1894,4,1,2,3,5,41235,0,1
1895,4,1,2,3,5,41235,1,2
1896,2,3,1,4,5,23145,0,1
1897,3,2,1,4,5,32145,1,2
1898,2,4,3,1,5,24315,2,3
1899,4,1,2,3,5,41235,1,2
1900,5,1,2,3,4,51234,0,1
1901,3,4,1,2,5,34125,1,2
1902,4,2,3,1,5,42315,0,1
1903,4,2,1,3,5,42135,1,2
1904,4,2,1,3,5,42135,2,3
1905,1,2,4,3,5,12435,0,1
1906,5,1,3,2,4,51324,1,2
1907,4,2,3,1,5,42315,2,3
1908,4,1,2,3,5,41235,0,1
1909,1,4,3,2,5,14325,1,2
1910,2,3,1,4,5,23145,2,3
1911,2,1,4,3,5,21435,0,1
1912,1,3,2,4,5,13245,1,2
1913,3,1,2,5,4,31254,2,3
1914,3,2,4,1,5,32415,0,1
1915,4,3,1,2,5,43125,1,2
1916,3,4,1,2,5,34125,0,1
1917,4,1,2,3,5,41235,1,2
1918,2,1,3,4,5,21345,2,3
1919,1,4,2,3,5,14235,0,1
1920,2,1,3,4,5,21345,1,2
1921,1,4,2,3,5,14235,2,3
1922,5,2,3,1,4,52314,1,2
1923,4,2,3,1,5,42315,0,1
1924,4,2,1,3,5,42135,1,2
1925,1,2,3,4,5,12345,2,3
1926,3,5,2,1,4,35214,0,1
1927,2,4,3,1,5,24315,1,2
1928,1,3,4,2,5,13425,0,1
1929,4,2,5,1,3,42513,1,2
1930,2,1,3,4,5,21345,1,2
1931,1,2,3,4,5,12345,2,3
1932,3,2,1,4,5,32145,0,1
1933,4,2,1,3,5,42135,1,2
1934,4,1,2,3,5,41235,2,3
1935,3,2,1,4,5,32145,0,1
1936,3,5,1,2,4,35124,0,1
1937,4,3,1,2,5,43125,1,2
1938,4,3,1,2,5,43125,2,3
1939,3,2,4,1,5,32415,0,1
1940,2,1,3,4,5,21345,1,2
1941,3,1,4,2,5,31425,2,3
1942,3,2,1,4,5,32145,0,1
1943,3,1,2,4,5,31245,1,2
1944,2,4,1,3,5,24135,2,3
1945,1,4,2,3,5,14235,1,2
1946,1,4,2,3,5,14235,2,3
1947,4,1,3,2,5,41325,0,1
1948,4,1,3,2,5,41325,1,2
1949,4,1,2,3,5,41235,2,3
1950,4,3,2,1,5,43215,1,2
1951,3,4,2,1,5,34215,2,3
1952,4,1,2,3,5,41235,1,2
1953,4,1,2,3,5,41235,2,3
1954,2,4,3,1,5,24315,1,2
1955,2,1,4,3,5,21435,2,3
1956,1,4,3,2,5,14325,0,1
1957,1,3,4,2,5,13425,1,2
1958,1,3,2,4,5,13245,2,3
1959,4,1,3,2,5,41325,1,2
1960,3,1,2,4,5,31245,2,3
1961,4,3,1,2,5,43125,1,2
1962,2,1,3,4,5,21345,0,1
1963,3,1,2,4,5,31245,1,2
1964,4,1,2,3,5,41235,2,3
1965,5,1,3,2,4,51324,0,1
1966,4,1,3,2,5,41325,1,2
1967,4,1,3,2,5,41325,2,3
1968,1,4,2,3,5,14235,0,1
1969,2,4,3,1,5,24315,1,2
1970,2,4,3,1,5,24315,2,3
1971,3,2,4,1,5,32415,0,1
1972,2,3,4,1,5,23415,1,2
1973,2,3,4,1,5,23415,2,3
1974,4,2,1,3,5,42135,1,2
1975,5,3,1,2,4,53124,0,1
1976,1,2,3,5,4,12354,1,2
1977,1,3,2,4,5,13245,2,3
1978,1,3,2,4,5,13245,0,1
1979,1,2,3,4,5,12345,1,2
1980,1,2,3,4,5,12345,2,3
1981,3,1,4,2,5,31425,1,2
1982,3,1,2,4,5,31245,2,3
1983,2,4,1,3,5,24135,1,2
1984,2,3,1,4,5,23145,2,3
1985,5,1,2,3,4,51234,0,1
1986,4,3,1,2,5,43125,1,2
1987,3,4,1,2,5,34125,2,3
1988,4,2,5,1,3,42513,1,2
1989,3,4,2,1,5,34215,2,3
1990,4,1,2,3,5,41235,1,2
1991,4,1,2,3,5,41235,2,3
1992,4,1,3,2,5,41325,0,1
1993,4,1,2,3,5,41235,1,2
1994,4,1,2,3,5,41235,2,3
1995,5,2,3,4,1,52341,0,1
1996,1,3,4,2,5,13425,1,2
1997,5,2,3,1,4,52314,2,3
1998,3,1,4,2,5,31425,0,1
1999,3,1,2,4,5,31245,1,2
2000,3,1,4,2,5,31425,2,3
2001,1,3,2,4,5,13245,1,2
2002,1,2,3,4,5,12345,2,3
2003,1,4,2,3,5,14235,1,2
2004,1,3,4,2,5,13425,2,3
2005,2,4,1,3,5,24135,0,1
2006,4,2,1,3,5,42135,1,2
2007,3,2,1,4,5,32145,2,3
2008,4,1,3,2,5,41325,1,2
2009,4,1,2,3,5,41235,0,1
2010,4,2,1,3,5,42135,1,2
2011,4,3,1,2,5,43125,2,3
2012,3,4,1,2,5,34125,1,2
2013,3,1,2,4,5,31245,2,3
2014,4,1,2,3,5,41235,0,1
2015,2,1,3,4,5,21345,1,2
2016,3,1,4,5,2,31452,2,3
2017,1,4,2,3,5,14235,0,1
2018,1,2,4,3,5,12435,0,1
2019,2,1,5,3,4,21534,1,2
2020,1,2,3,4,5,12345,2,3
2021,5,1,2,3,4,51234,0,1
2022,4,1,2,3,5,41235,1,2
2023,4,1,2,3,5,41235,2,3
2024,4,1,3,2,5,41325,0,1
2025,4,1,2,3,5,41235,0,1
2026,4,1,2,3,5,41235,1,2
2027,3,1,2,4,5,31245,2,3
2028,4,2,1,3,5,42135,0,1
2029,4,1,2,3,5,41235,1,2
2030,4,1,2,3,5,41235,2,3
2031,3,1,4,2,5,31425,1,2
2032,2,1,3,4,5,21345,2,3
2033,4,1,2,3,5,41235,0,1
2034,1,3,2,4,5,13245,1,2
2035,2,4,3,1,5,24315,2,3
2036,4,1,2,3,5,41235,0,1
2037,4,1,3,2,5,41325,1,2
2038,4,1,2,3,5,41235,2,3
2039,2,4,3,1,5,24315,0,1
2040,1,4,2,3,5,14235,1,2
2041,1,5,3,2,4,15324,2,3
2042,3,1,4,2,5,31425,1,2
2043,3,1,4,2,5,31425,2,3
2044,4,2,3,1,5,42315,0,1
2045,1,4,3,2,5,14325,1,2
2046,2,3,4,1,5,23415,2,3
2047,3,4,1,2,5,34125,0,1
2048,3,4,2,1,5,34215,1,2
2049,2,5,3,1,4,25314,2,3
2050,4,1,3,2,5,41325,1,2
2051,4,3,1,2,5,43125,2,3
2052,1,4,5,3,2,14532,0,1
2053,4,3,2,1,5,43215,1,2
2054,1,4,3,2,5,14325,2,3
2055,4,3,2,1,5,43215,1,2
2056,2,3,4,1,5,23415,2,3
2057,1,2,3,4,5,12345,0,1
2058,5,1,4,2,3,51423,1,2
2059,4,2,1,3,5,42135,2,3
2060,2,3,1,4,5,23145,0,1
2061,2,1,3,4,5,21345,0,1
2062,1,4,3,2,5,14325,1,2
2063,1,2,3,4,5,12345,2,3
2064,4,2,1,3,5,42135,0,1
2065,4,1,3,2,5,41325,1,2
2066,4,1,2,3,5,41235,2,3
2067,1,4,2,3,5,14235,0,1
2068,2,4,1,3,5,24135,1,2
2069,1,2,3,4,5,12345,2,3
2070,4,1,3,2,5,41325,0,1
2071,4,2,3,1,5,42315,1,2
2072,2,3,1,4,5,23145,0,1
2073,2,3,1,4,5,23145,1,2
2074,1,3,2,4,5,13245,2,3
2075,4,1,5,3,2,41532,1,2
2076,3,2,1,4,5,32145,2,3
2077,2,4,5,1,3,24513,0,1
2078,1,2,4,3,5,12435,1,2
2079,1,2,3,4,5,12345,2,3
2080,2,5,3,1,4,25314,1,2
2081,2,1,4,3,5,21435,2,3
2082,4,1,3,2,5,41325,0,1
2083,5,1,2,3,4,51234,1,2
2084,3,1,2,4,5,31245,2,3
2085,1,4,2,3,5,14235,0,1
2086,3,4,1,2,5,34125,1,2
2087,3,4,2,1,5,34215,2,3
2088,4,2,1,3,5,42135,0,1
2089,5,2,1,4,3,52143,1,2
2090,1,4,2,3,5,14235,0,1
2091,1,4,2,3,5,14235,1,2
2092,1,4,3,2,5,14325,2,3
2093,4,2,3,1,5,42315,0,1
2094,2,1,3,4,5,21345,0,1
2095,2,1,4,3,5,21435,1,2
2096,4,3,2,1,5,43215,0,1
2097,1,3,4,2,5,13425,1,2
2098,2,3,4,1,5,23415,2,3
2099,1,2,3,4,5,12345,0,1
2100,2,3,4,1,5,23415,1,2
2101,4,2,3,1,5,42315,2,3
2102,2,1,3,4,5,21345,0,1
2103,4,3,1,2,5,43125,1,2
2104,5,1,2,3,4,51234,0,1
2105,3,5,1,2,4,35124,1,2
2106,3,2,1,4,5,32145,2,3
2107,4,1,2,3,5,41235,0,1
2108,4,1,3,2,5,41325,1,2
2109,3,1,4,2,5,31425,2,3
2110,3,4,1,2,5,34125,1,2
2111,4,2,1,3,5,42135,2,3
2112,3,1,2,4,5,31245,0,1
2113,4,2,3,1,5,42315,1,2
2114,1,3,2,4,5,13245,2,3
2115,1,5,3,2,4,15324,1,2
2116,1,4,2,3,5,14235,2,3
2117,1,2,3,4,5,12345,0,1
2118,1,4,3,2,5,14325,1,2
2119,1,2,3,4,5,12345,2,3
2120,3,1,2,4,5,31245,0,1
2121,3,2,1,4,5,32145,1,2
2122,1,2,3,4,5,12345,2,3
2123,3,1,4,2,5,31425,1,2
2124,4,1,2,3,5,41235,2,3
2125,4,1,3,2,5,41325,0,1
2126,4,3,1,5,2,43152,1,2
2127,3,2,4,5,1,32451,2,3
2128,5,1,2,3,4,51234,0,1
2129,3,5,1,2,4,35124,1,2
2130,1,4,3,2,5,14325,2,3
2131,3,2,1,4,5,32145,0,1
2132,1,2,4,3,5,12435,1,2
2133,2,4,1,3,5,24135,2,3
2134,4,1,3,2,5,41325,1,2
2135,1,2,4,3,5,12435,2,3
2136,4,3,1,2,5,43125,1,2
2137,3,5,1,2,4,35124,2,3
2138,2,4,3,1,5,24315,1,2
2139,1,4,3,2,5,14325,2,3
2140,1,4,5,3,2,14532,1,2
2141,5,4,3,2,1,54321,2,3
2142,4,3,1,2,5,43125,0,1
2143,4,3,1,2,5,43125,1,2
2144,3,5,1,2,4,35124,2,3
2145,5,1,3,2,4,51324,1,2
2146,4,1,2,3,5,41235,2,3
2147,4,1,3,2,5,41325,0,1
2148,2,1,4,3,5,21435,1,2
2149,1,4,3,2,5,14325,2,3
2150,1,2,3,5,4,12354,0,1
2151,2,3,1,4,5,23145,1,2
2152,1,4,3,5,2,14352,2,3
2153,4,3,1,2,5,43125,1,2
2154,2,3,1,4,5,23145,2,3
2155,1,2,4,3,5,12435,1,2
2156,1,2,3,4,5,12345,2,3
2157,3,2,4,1,5,32415,1,2
2158,4,1,3,2,5,41325,2,3
2159,1,5,3,2,4,15324,0,1
2160,1,4,2,3,5,14235,1,2
2161,1,4,3,2,5,14325,2,3
2162,1,4,5,2,3,14523,0,1
2163,1,4,2,3,5,14235,1,2
2164,1,5,3,2,4,15324,2,3
2165,1,4,3,2,5,14325,1,2
2166,1,2,3,4,5,12345,2,3
2167,3,1,4,2,5,31425,0,1
2168,3,2,1,4,5,32145,0,1
2169,3,1,2,4,5,31245,1,2
2170,4,2,1,3,5,42135,2,3
2171,2,4,3,1,5,24315,0,1
2172,5,1,2,3,4,51234,0,1
2173,1,4,2,3,5,14235,1,2
2174,4,1,2,3,5,41235,2,3
2175,3,4,2,1,5,34215,0,1
2176,4,1,3,2,5,41325,0,1
2177,4,1,3,2,5,41325,1,2
2178,4,1,2,3,5,41235,2,3
2179,1,2,3,4,5,12345,0,1
2180,1,2,3,4,5,12345,1,2
2181,1,2,3,4,5,12345,2,3
2182,1,2,3,5,4,12354,0,1
2183,5,3,1,2,4,53124,1,2
2184,4,2,3,1,5,42315,0,1
2185,5,3,2,1,4,53214,1,2
2186,4,2,3,1,5,42315,0,1
2187,1,4,5,2,3,14523,1,2
2188,1,4,5,2,3,14523,2,3
2189,4,1,2,3,5,41235,0,1
2190,1,2,4,3,5,12435,1,2
2191,3,2,4,1,5,32415,2,3
2192,4,1,3,2,5,41325,0,1
2193,1,4,2,3,5,14235,1,2
2194,5,1,3,4,2,51342,1,2
2195,3,5,1,4,2,35142,2,3
2196,3,2,5,1,4,32514,1,2
2197,1,4,3,2,5,14325,0,1
2198,1,4,2,3,5,14235,1,2
2199,2,3,1,4,5,23145,0,1
2200,1,4,3,2,5,14325,1,2
2201,1,5,4,2,3,15423,0,1
2202,3,5,1,2,4,35124,1,2
2203,4,1,3,2,5,41325,0,1
2204,1,2,4,3,5,12435,1,2
2205,4,3,2,1,5,43215,2,3
2206,1,2,3,4,5,12345,0,1
2207,3,4,1,2,5,34125,1,2
2208,1,4,2,3,5,14235,2,3
2209,1,4,2,3,5,14235,1,2
2210,1,3,4,2,5,13425,2,3
2211,2,1,3,4,5,21345,1,2
2212,4,1,2,3,5,41235,2,3
2213,4,3,2,1,5,43215,1,2
2214,2,5,4,1,3,25413,2,3
2215,4,1,3,2,5,41325,1,2
2216,5,4,2,3,1,54231,1,2
2217,1,2,3,4,5,12345,2,3
2218,4,1,2,3,5,41235,0,1
2219,2,1,4,3,5,21435,1,2
2220,3,1,4,2,5,31425,2,3
2221,2,3,4,1,5,23415,0,1
2222,4,3,2,1,5,43215,1,2
2223,2,4,3,1,5,24315,2,3
2224,2,1,4,3,5,21435,1,2
2225,5,1,3,2,4,51324,1,2
2226,4,1,2,3,5,41235,0,1
2227,4,1,2,3,5,41235,1,2
2228,3,1,2,4,5,31245,2,3
2229,2,1,4,3,5,21435,0,1
2230,1,4,2,3,5,14235,1,2
2231,2,1,3,4,5,21345,0,1
2232,4,3,2,1,5,43215,0,1
2233,2,4,1,3,5,24135,1,2
2234,4,1,3,2,5,41325,1,2
2235,4,1,2,3,5,41235,2,3
2236,3,1,2,4,5,31245,1,2
2237,2,3,1,4,5,23145,2,3
2238,2,1,3,4,5,21345,1,2
2239,2,5,4,3,1,25431,2,3
2240,1,3,2,4,5,13245,0,1
2241,2,1,3,4,5,21345,1,2
2242,3,1,2,4,5,31245,2,3
2243,4,1,3,2,5,41325,0,1
2244,4,3,2,1,5,43215,1,2
2245,3,4,1,2,5,34125,2,3
2246,1,4,2,3,5,14235,0,1
2247,1,4,2,3,5,14235,1,2
2248,1,4,3,2,5,14325,2,3
2249,4,1,3,2,5,41325,0,1
2250,4,3,2,1,5,43215,1,2
2251,3,2,4,1,5,32415,2,3
2252,1,4,3,2,5,14325,1,2
2253,1,3,4,2,5,13425,2,3
2254,3,4,1,2,5,34125,0,1
2255,1,4,3,5,2,14352,1,2
2256,1,4,2,3,5,14235,1,2
2257,1,4,2,3,5,14235,2,3
2258,4,1,3,2,5,41325,1,2
2259,4,1,2,3,5,41235,2,3
2260,4,2,1,3,5,42135,0,1
2261,4,2,1,3,5,42135,1,2
2262,2,4,1,3,5,24135,2,3
2263,3,2,1,4,5,32145,0,1
2264,2,4,1,3,5,24135,1,2
2265,2,3,4,1,5,23415,2,3
2266,1,4,3,2,5,14325,0,1
2267,1,4,3,2,5,14325,1,2
2268,1,2,3,4,5,12345,2,3
2269,4,3,1,2,5,43125,0,1
2270,4,3,1,2,5,43125,1,2
2271,4,3,1,2,5,43125,2,3
2272,4,2,1,3,5,42135,1,2
2273,1,4,2,3,5,14235,0,1
2274,1,4,2,3,5,14235,1,2
2275,1,3,2,4,5,13245,2,3
2276,3,2,4,1,5,32415,0,1
2277,2,3,4,1,5,23415,1,2
2278,2,3,4,1,5,23415,2,3
2279,1,2,3,4,5,12345,0,1
2280,1,4,3,2,5,14325,1,2
2281,1,4,2,3,5,14235,2,3
2282,4,3,1,2,5,43125,0,1
2283,4,1,3,2,5,41325,1,2
2284,1,3,2,5,4,13254,2,3
2285,4,1,2,3,5,41235,1,2
2286,3,1,2,4,5,31245,2,3
2287,3,4,2,1,5,34215,0,1
2288,3,4,2,1,5,34215,1,2
2289,3,4,2,1,5,34215,2,3
2290,4,1,3,2,5,41325,1,2
2291,4,1,3,2,5,41325,2,3
2292,2,1,3,4,5,21345,1,2
2293,4,3,2,1,5,43215,2,3
2294,1,5,3,2,4,15324,1,2
2295,1,5,2,3,4,15234,2,3
2296,2,3,1,4,5,23145,1,2
2297,2,4,3,1,5,24315,2,3
2298,1,3,4,5,2,13452,0,1
2299,2,4,3,1,5,24315,0,1
2300,4,2,3,1,5,42315,1,2
2301,1,4,3,2,5,14325,0,1
2302,4,1,2,5,3,41253,0,1
2303,4,1,2,3,5,41235,1,2
2304,5,1,3,2,4,51324,2,3
2305,4,1,2,3,5,41235,1,2
2306,4,1,3,2,5,41325,2,3
2307,2,1,3,4,5,21345,0,1
2308,1,4,2,3,5,14235,1,2
2309,4,1,2,3,5,41235,1,2
2310,1,3,2,4,5,13245,2,3
2311,2,4,3,1,5,24315,1,2
2312,1,2,4,3,5,12435,2,3
2313,5,2,1,4,3,52143,1,2
2314,4,3,1,2,5,43125,0,1
2315,5,1,2,3,4,51234,1,2
2316,5,1,2,3,4,51234,2,3
2317,4,1,2,3,5,41235,1,2
2318,4,1,2,3,5,41235,2,3
2319,4,1,2,3,5,41235,0,1
2320,4,1,2,3,5,41235,1,2
2321,4,1,3,2,5,41325,2,3
2322,3,1,2,4,5,31245,1,2
2323,3,1,2,4,5,31245,2,3
2324,3,4,1,2,5,34125,0,1
2325,3,4,1,2,5,34125,0,1
2326,4,1,3,2,5,41325,1,2
2327,4,1,2,3,5,41235,0,1
2328,4,1,2,3,5,41235,1,2
2329,4,1,3,2,5,41325,2,3
2330,4,3,1,2,5,43125,0,1
2331,2,4,1,3,5,24135,0,1
2332,4,1,3,2,5,41325,0,1
2333,2,4,1,3,5,24135,1,2
2334,4,1,2,3,5,41235,2,3
2335,1,4,2,3,5,14235,0,1
2336,2,4,3,1,5,24315,1,2
2337,1,4,2,3,5,14235,2,3
2338,5,3,4,1,2,53412,0,1
2339,5,3,4,1,2,53412,1,2
2340,5,1,2,3,4,51234,1,2
2341,5,1,3,2,4,51324,2,3
2342,3,4,2,1,5,34215,0,1
2343,4,3,2,1,5,43215,1,2
2344,4,2,3,1,5,42315,1,2
2345,5,1,3,2,4,51324,2,3
2346,4,1,2,3,5,41235,1,2
2347,4,3,1,2,5,43125,2,3
2348,4,1,2,3,5,41235,0,1
2349,3,1,2,4,5,31245,0,1
2350,4,1,2,3,5,41235,1,2
2351,4,1,2,3,5,41235,2,3
2352,3,4,1,2,5,34125,0,1
2353,1,3,2,4,5,13245,0,1
2354,4,2,1,3,5,42135,1,2
2355,2,1,3,4,5,21345,1,2
2356,3,1,2,4,5,31245,2,3
2357,2,3,1,4,5,23145,0,1
2358,1,3,2,4,5,13245,1,2
2359,1,3,2,4,5,13245,2,3
2360,4,1,2,3,5,41235,1,2
2361,3,4,2,1,5,34215,2,3
2362,5,2,3,1,4,52314,1,2
2363,5,3,1,2,4,53124,2,3
2364,4,1,2,3,5,41235,0,1
2365,4,3,1,2,5,43125,1,2
2366,1,2,4,3,5,12435,2,3
2367,4,3,2,1,5,43215,1,2
2368,3,4,1,2,5,34125,2,3
2369,4,3,1,2,5,43125,1,2
2370,4,1,2,3,5,41235,2,3
2371,3,4,1,2,5,34125,1,2
2372,4,2,3,1,5,42315,0,1
2373,1,4,2,3,5,14235,1,2
2374,2,4,1,3,5,24135,2,3
2375,4,1,2,3,5,41235,0,1
2376,4,1,3,2,5,41325,1,2
2377,4,1,2,3,5,41235,2,3
2378,3,1,2,4,5,31245,0,1
2379,4,1,3,2,5,41325,1,2
2380,2,4,1,3,5,24135,2,3
2381,4,1,3,2,5,41325,1,2
2382,5,1,3,2,4,51324,2,3
2383,4,1,3,2,5,41325,1,2
2384,5,1,3,2,4,51324,0,1
2385,5,1,3,2,4,51324,1,2
2386,5,1,2,4,3,51243,2,3
2387,4,1,3,2,5,41325,1,2
2388,4,1,3,2,5,41325,2,3
2389,4,1,3,2,5,41325,0,1
2390,4,1,3,2,5,41325,1,2
2391,3,4,2,1,5,34215,2,3
2392,5,1,2,4,3,51243,0,1
2393,4,1,3,2,5,41325,1,2
2394,5,1,2,3,4,51234,2,3
2395,3,1,4,2,5,31425,1,2
2396,2,1,3,4,5,21345,2,3
2397,5,1,2,3,4,51234,0,1
2398,5,1,3,2,4,51324,1,2
2399,5,1,2,3,4,51234,2,3
2400,3,1,2,4,5,31245,0,1
2401,4,1,2,3,5,41235,1,2
2402,4,1,3,2,5,41325,2,3
2403,4,1,2,3,5,41235,0,1
2404,1,3,4,2,5,13425,1,2
2405,1,4,2,3,5,14235,2,3
2406,5,1,3,2,4,51324,1,2
2407,5,1,2,3,4,51234,2,3
2408,3,1,2,4,5,31245,0,1
2409,3,1,2,4,5,31245,1,2
2410,2,5,1,3,4,25134,2,3
2411,5,2,3,1,4,52314,0,1
2412,1,4,2,3,5,14235,1,2
2413,3,4,2,1,5,34215,2,3
2414,5,3,4,1,2,53412,1,2
2415,5,3,2,1,4,53214,2,3
2416,4,3,1,2,5,43125,0,1
2417,4,1,2,3,5,41235,1,2
2418,4,2,1,3,5,42135,2,3
2419,2,4,3,1,5,24315,1,2
2420,2,4,3,1,5,24315,1,2
2421,1,5,2,3,4,15234,2,3
2422,2,1,4,3,5,21435,0,1
2423,4,1,3,2,5,41325,1,2
2424,4,1,2,3,5,41235,2,3
2425,3,4,1,2,5,34125,1,2
2426,3,4,1,2,5,34125,2,3
2427,5,1,4,2,3,51423,1,2
2428,5,1,3,2,4,51324,2,3
2429,4,1,3,2,5,41325,1,2
2430,4,2,1,3,5,42135,2,3
2431,4,3,1,2,5,43125,1,2
2432,2,3,1,4,5,23145,2,3
2433,4,1,2,3,5,41235,1,2
2434,4,1,2,3,5,41235,2,3
2435,5,1,2,3,4,51234,0,1
2436,5,1,4,2,3,51423,1,2
2437,4,1,3,2,5,41325,2,3
2438,4,1,3,2,5,41325,0,1
2439,5,1,3,2,4,51324,1,2
2440,2,5,3,4,1,25341,2,3
2441,4,1,3,2,5,41325,1,2
2442,4,3,1,2,5,43125,2,3
2443,1,2,3,4,5,12345,0,1
2444,2,4,1,3,5,24135,1,2
2445,4,2,1,3,5,42135,1,2
2446,3,1,4,2,5,31425,0,1
2447,3,1,2,4,5,31245,1,2
2448,2,1,4,3,5,21435,2,3
2449,1,2,4,3,5,12435,1,2
2450,4,1,2,3,5,41235,0,1
2451,5,1,3,2,4,51324,1,2
2452,5,1,3,2,4,51324,2,3
2453,4,1,2,3,5,41235,0,1
2454,4,3,2,1,5,43215,1,2
2455,1,3,4,2,5,13425,2,3
2456,1,3,2,4,5,13245,1,2
2457,2,1,3,4,5,21345,2,3
2458,5,2,1,3,4,52134,0,1
2459,4,2,1,3,5,42135,1,2
2460,4,1,2,3,5,41235,2,3
2461,5,1,3,2,4,51324,0,1
2462,4,1,2,3,5,41235,1,2
2463,5,1,3,2,4,51324,2,3
2464,4,1,2,3,5,41235,0,1
2465,4,2,1,3,5,42135,1,2
2466,4,1,2,3,5,41235,2,3
2467,2,1,4,3,5,21435,0,1
2468,2,4,3,1,5,24315,0,1
2469,1,4,3,2,5,14325,1,2
2470,3,5,2,1,4,35214,2,3
2471,4,1,3,2,5,41325,1,2
2472,5,2,1,3,4,52134,2,3
2473,2,3,4,1,5,23415,0,1
2474,4,1,2,3,5,41235,1,2
2475,3,1,2,4,5,31245,2,3
2476,4,3,2,1,5,43215,1,2
2477,4,2,3,1,5,42315,2,3
2478,2,4,1,3,5,24135,0,1
2479,3,1,2,4,5,31245,1,2
2480,3,1,2,4,5,31245,2,3
2481,3,1,4,2,5,31425,0,1
2482,4,2,3,1,5,42315,1,2
2483,3,1,4,2,5,31425,2,3
2484,2,3,1,4,5,23145,0,1
2485,1,4,2,3,5,14235,1,2
2486,3,2,4,1,5,32415,0,1
2487,3,4,1,2,5,34125,1,2
2488,3,5,2,1,4,35214,2,3
2489,5,1,3,2,4,51324,1,2
2490,5,3,2,1,4,53214,2,3
